system,question_id,source,legacy_accuracy,strict_accuracy,missing_entities,extra_entities,contradictions,is_error
adaptive_hybrid_graphrag,developer_activity-004,results\final_evaluation\adaptive_hybrid_graphrag_results.csv,1.0,0,[],"[""00196d3d007f42d48b07033fd2cf496162d6cf1f"", ""07e0e106d5cccb909664df8c61a221450557c69e"", ""08fbe11b60e485015b8c5696d5b7692860d15216"", ""110d666b4f30fcea6f5fa2848784bfb8985a2402"", ""126a6dd4d24687e7ac2b5d00c1039d3010576bd8"", ""12b39d5ab506167a1bda13807f17732bf18f921e"", ""134d51287f5fd13f1b5e86986f8125f48d3407a6"", ""1446fe22407e11affd1a4fd027708298d7a2e3c0"", ""150ef01d8794bd42677c971b051e12463333c184"", ""1b66425f0c2c24e6be44ecbbee77ffb6ffa9ceb1"", ""1da85da22e1e306e584b4e5558071cd258f74df7"", ""1eb5f6ebfeb654a33f4f1e7b0ac3a4c6d9d5bd70"", ""1ef4446a1cabc116e72760a1153ef5bc22920c94"", ""20cabc6f0ca322da373b7ce56ec6ce5c16199e17"", ""2527a335aceb72b0b155bb588c0b3039f6380cf3"", ""256c3f02d5ae800af841cdc3950cbf417448def1"", ""259f0d161544b424a5dfb33c665da5d6b9165d96"", ""2a5499fb1f8d2e556fcf4f07fb771cec32c397c4"", ""2b4598c2ab7c57392f01a930fca6139d02fe5dec"", ""2d56b6c67e7a425f2ad954cc6b79cf5e8e32783b"", ""2dc75fa4c01d53d3d8eece05f3c0ab4e86f71cf8"", ""2e964d89e800a048c7eee51438f8aabee9593678"", ""2fc8eae65898bec051055e4d79e73e70834f202d"", ""30ea72ca30767639f87571529419a8e2cebc9417"", ""31c8b1f63a24e07cf6752c41718ab82bad659110"", ""39531d24b08af3b2abae2701637c01d0bf56a536"", ""398c515d99f0325419309887773bcd07b7a749e8"", ""406d31ca17bfb45945402ac266e0b88b7c0889a6"", ""447bb088b87c9ad5d9f5747e95ba011f3e29982c"", ""490564606d7214bef9d3672a6e24873d552c4ea0"", ""4a57f276f01bcca2136fc17dd97864b2f98e8d87"", ""51d2f688a1fcb91bd7d751164efac806297d14a1"", ""52dedae024855bb4017b6426b0ed735d64f9db32"", ""59fa310b1270d7f85861d887efd9f2346dc9090b"", ""60f212a0893365f98cfc153b40a6ba898842c78c"", ""60f35c3aeca6206233eec8c3371c797824a9f2f8"", ""62ad66ebb17c6be946635cc459542130be545ce8"", ""62afdc81f096e5b8726102f195518b5caf988c1d"", ""65c5f0ae29770ced643b11b85243b27fbeca90e5"", ""6765012c55cbfa47b98c5977b1f41dba96aeb535"", ""72bc01db647cd8a0e4c3e39e70e4edaef84422e4"", ""73b55207b5c38e1ea0a4dd3a4645df5f5a86f841"", ""7447a609019f392d13f18dc782c88916f0e8315d"", ""80c7a048b5f0c84d33b0007ccdd6ac4fbd8a7ae6"", ""81ab8fbc7fc8223a78334fc36e8729bbd55782ef"", ""827082307abba48cb8c706fc7c40a627c63feb84"", ""84dcc17cf2a4dcbf20c893bc3f0fd8f7f5befc96"", ""864152b6b1bf8a364f239b88184d8a84a81e66b0"", ""86a797f971ff635d3b7408e3c0f4a494b1316a2d"", ""8a78712facaac54ba9cf7c677fa11f8b8efbb00d"", ""8da2a647be10d8a33d8d7d0eabfacad5c2543221"", ""9210c1b76c5a4ff752b29d7f212d474d8be38741"", ""948227821b16001e83a18b15d1d2a3f901396498"", ""9a0031fab2b3b1c3528bb561032d5b080b81778c"", ""9abfd10cf83ca280231875a84e810a0fd2c2cdc9"", ""9c3606886be1c050f4dbe68583836654b1653b87"", ""9f7cae14dfbf0200786cf6ecf5aa50a9eae1c0d8"", ""a6f42ab4b805c09694892c30a847ac868d912e0e"", ""a732c401ae64d951242ff07cb2f45817e1f112b1"", ""b05f8f47aabb05dfc8fd38b9f2a9ad8bff29e1eb"", ""b0d35a0fb7b969c0b0e19f1077a23489ec969bb0"", ""b176105d28dbd169903722ef267fcd3871fa399a"", ""b235411b5c249e78f19b0e80a6ba9bfeb6ba36da"", ""b47ec000344fbda3badc677347ff132954a5e00d"", ""ba6be5106d4169fa7614fa456122397cee00f6d5"", ""bfa3d7ae9f78ca5e51fb03033022ce8f3dea526c"", ""c11650c147ee9c61ad49fef62b7f332f10d086a1"", ""c94ea1f9e3f28a2d3c2334fa1684050d434c39ce"", ""cb4613a27d32bf09aaaee7ca3d5da44e24a7a5f0"", ""cc44e4df685a2c14f9f4ceec00f95df3569eed22"", ""cefdb1a7b941e9a2ebceefff8f0a9f430a2dce6b"", ""d0f0181c85bd7521953d61940ade39225d45b40a"", ""d915e49bdad2a261d07328c66fb60b9af482ded7"", ""db23691e0ce182a0a2593a139a6d172888fcf25e"", ""e1893242f5b2c3b7fdaab30d4317f11f7bc40fc5"", ""e84be5db32efb34049b86d9f5860e5c3228a0834"", ""ec7422334bd2d6aa4a12d4dff2abbc4eb8a1edf1"", ""ef2a3eadf6ab86057bc75e3befff2d4e20b8d0da"", ""ef39030200318cc31cf2902231b5b03b66f54bb7"", ""fe041aefa812082db8b85f5fa07f62ef18f71544""]","[""unexpected_commit:1b66425f0c2c24e6be44ecbbee77ffb6ffa9ceb1"", ""unexpected_commit:d0f0181c85bd7521953d61940ade39225d45b40a"", ""unexpected_commit:827082307abba48cb8c706fc7c40a627c63feb84"", ""unexpected_commit:60f212a0893365f98cfc153b40a6ba898842c78c"", ""unexpected_commit:ef2a3eadf6ab86057bc75e3befff2d4e20b8d0da"", ""unexpected_commit:59fa310b1270d7f85861d887efd9f2346dc9090b"", ""unexpected_commit:cb4613a27d32bf09aaaee7ca3d5da44e24a7a5f0"", ""unexpected_commit:948227821b16001e83a18b15d1d2a3f901396498"", ""unexpected_commit:490564606d7214bef9d3672a6e24873d552c4ea0"", ""unexpected_commit:ef39030200318cc31cf2902231b5b03b66f54bb7"", ""unexpected_commit:db23691e0ce182a0a2593a139a6d172888fcf25e"", ""unexpected_commit:134d51287f5fd13f1b5e86986f8125f48d3407a6"", ""unexpected_commit:7447a609019f392d13f18dc782c88916f0e8315d"", ""unexpected_commit:20cabc6f0ca322da373b7ce56ec6ce5c16199e17"", ""unexpected_commit:256c3f02d5ae800af841cdc3950cbf417448def1"", ""unexpected_commit:51d2f688a1fcb91bd7d751164efac806297d14a1"", ""unexpected_commit:e1893242f5b2c3b7fdaab30d4317f11f7bc40fc5"", ""unexpected_commit:60f35c3aeca6206233eec8c3371c797824a9f2f8"", ""unexpected_commit:2fc8eae65898bec051055e4d79e73e70834f202d"", ""unexpected_commit:150ef01d8794bd42677c971b051e12463333c184"", ""unexpected_commit:864152b6b1bf8a364f239b88184d8a84a81e66b0"", ""unexpected_commit:9210c1b76c5a4ff752b29d7f212d474d8be38741"", ""unexpected_commit:8da2a647be10d8a33d8d7d0eabfacad5c2543221"", ""unexpected_commit:1da85da22e1e306e584b4e5558071cd258f74df7"", ""unexpected_commit:bfa3d7ae9f78ca5e51fb03033022ce8f3dea526c"", ""unexpected_commit:fe041aefa812082db8b85f5fa07f62ef18f71544"", ""unexpected_commit:447bb088b87c9ad5d9f5747e95ba011f3e29982c"", ""unexpected_commit:39531d24b08af3b2abae2701637c01d0bf56a536"", ""unexpected_commit:86a797f971ff635d3b7408e3c0f4a494b1316a2d"", ""unexpected_commit:110d666b4f30fcea6f5fa2848784bfb8985a2402"", ""unexpected_commit:1eb5f6ebfeb654a33f4f1e7b0ac3a4c6d9d5bd70"", ""unexpected_commit:a732c401ae64d951242ff07cb2f45817e1f112b1"", ""unexpected_commit:2e964d89e800a048c7eee51438f8aabee9593678"", ""unexpected_commit:31c8b1f63a24e07cf6752c41718ab82bad659110"", ""unexpected_commit:08fbe11b60e485015b8c5696d5b7692860d15216"", ""unexpected_commit:ec7422334bd2d6aa4a12d4dff2abbc4eb8a1edf1"", ""unexpected_commit:b176105d28dbd169903722ef267fcd3871fa399a"", ""unexpected_commit:2a5499fb1f8d2e556fcf4f07fb771cec32c397c4"", ""unexpected_commit:1446fe22407e11affd1a4fd027708298d7a2e3c0"", ""unexpected_commit:9abfd10cf83ca280231875a84e810a0fd2c2cdc9"", ""unexpected_commit:b235411b5c249e78f19b0e80a6ba9bfeb6ba36da"", ""unexpected_commit:406d31ca17bfb45945402ac266e0b88b7c0889a6"", ""unexpected_commit:00196d3d007f42d48b07033fd2cf496162d6cf1f"", ""unexpected_commit:72bc01db647cd8a0e4c3e39e70e4edaef84422e4"", ""unexpected_commit:30ea72ca30767639f87571529419a8e2cebc9417"", ""unexpected_commit:65c5f0ae29770ced643b11b85243b27fbeca90e5"", ""unexpected_commit:d915e49bdad2a261d07328c66fb60b9af482ded7"", ""unexpected_commit:259f0d161544b424a5dfb33c665da5d6b9165d96"", ""unexpected_commit:1ef4446a1cabc116e72760a1153ef5bc22920c94"", ""unexpected_commit:62afdc81f096e5b8726102f195518b5caf988c1d"", ""unexpected_commit:ba6be5106d4169fa7614fa456122397cee00f6d5"", ""unexpected_commit:07e0e106d5cccb909664df8c61a221450557c69e"", ""unexpected_commit:8a78712facaac54ba9cf7c677fa11f8b8efbb00d"", ""unexpected_commit:81ab8fbc7fc8223a78334fc36e8729bbd55782ef"", ""unexpected_commit:4a57f276f01bcca2136fc17dd97864b2f98e8d87"", ""unexpected_commit:84dcc17cf2a4dcbf20c893bc3f0fd8f7f5befc96"", ""unexpected_commit:126a6dd4d24687e7ac2b5d00c1039d3010576bd8"", ""unexpected_commit:2527a335aceb72b0b155bb588c0b3039f6380cf3"", ""unexpected_commit:80c7a048b5f0c84d33b0007ccdd6ac4fbd8a7ae6"", ""unexpected_commit:52dedae024855bb4017b6426b0ed735d64f9db32"", ""unexpected_commit:9a0031fab2b3b1c3528bb561032d5b080b81778c"", ""unexpected_commit:e84be5db32efb34049b86d9f5860e5c3228a0834"", ""unexpected_commit:b0d35a0fb7b969c0b0e19f1077a23489ec969bb0"", ""unexpected_commit:6765012c55cbfa47b98c5977b1f41dba96aeb535"", ""unexpected_commit:9c3606886be1c050f4dbe68583836654b1653b87"", ""unexpected_commit:cc44e4df685a2c14f9f4ceec00f95df3569eed22"", ""unexpected_commit:b47ec000344fbda3badc677347ff132954a5e00d"", ""unexpected_commit:b05f8f47aabb05dfc8fd38b9f2a9ad8bff29e1eb"", ""unexpected_commit:9f7cae14dfbf0200786cf6ecf5aa50a9eae1c0d8"", ""unexpected_commit:a6f42ab4b805c09694892c30a847ac868d912e0e"", ""unexpected_commit:73b55207b5c38e1ea0a4dd3a4645df5f5a86f841"", ""unexpected_commit:cefdb1a7b941e9a2ebceefff8f0a9f430a2dce6b"", ""unexpected_commit:c94ea1f9e3f28a2d3c2334fa1684050d434c39ce"", ""unexpected_commit:12b39d5ab506167a1bda13807f17732bf18f921e"", ""unexpected_commit:2b4598c2ab7c57392f01a930fca6139d02fe5dec"", ""unexpected_commit:c11650c147ee9c61ad49fef62b7f332f10d086a1"", ""unexpected_commit:2d56b6c67e7a425f2ad954cc6b79cf5e8e32783b"", ""unexpected_commit:2dc75fa4c01d53d3d8eece05f3c0ab4e86f71cf8"", ""unexpected_commit:62ad66ebb17c6be946635cc459542130be545ce8"", ""unexpected_commit:398c515d99f0325419309887773bcd07b7a749e8""]",False
adaptive_hybrid_graphrag,structure-002,results\final_evaluation\adaptive_hybrid_graphrag_results.csv,1.0,0,[],"[""airflow-core/docs/core-concepts/task-and-asset-state-store.rst"", ""airflow-core/docs/core-concepts/task-state-store.rst"", ""airflow-core/docs/core-concepts/taskflow.rst"", ""airflow-core/docs/core-concepts/tasks.rst"", ""airflow-core/docs/core-concepts/variables.rst"", ""airflow-core/docs/core-concepts/xcoms.rst""]",[],False
adaptive_hybrid_graphrag,code_retrieval-003,results\final_evaluation\adaptive_hybrid_graphrag_results.csv,1.0,0,[],"[""airflow-core/src/airflow/api_fastapi/core_api/services/public/task_instances.py"", ""airflow-core/src/airflow/configuration.py"", ""airflow-core/src/airflow/utils/orm_event_handlers.py"", ""devel-common/src/tests_common/test_utils/perf/perf_kit/sqlalchemy.py"", ""java-sdk/adr/0003-pure-java-dags.md"", ""java-sdk/sdk/src/main/kotlin/org/apache/airflow/sdk/execution/Client.kt"", ""java-sdk/sdk/src/main/kotlin/org/apache/airflow/sdk/execution/Frame.kt"", ""java-sdk/sdk/src/test/kotlin/org/apache/airflow/sdk/ClientTest.kt"", ""java-sdk/sdk/src/test/kotlin/org/apache/airflow/sdk/ContextTest.kt"", ""java-sdk/sdk/src/test/kotlin/org/apache/airflow/sdk/execution/TaskTest.kt"", ""providers/alibaba/src/airflow/providers/alibaba/cloud/hooks/oss.py"", ""providers/common/sql/src/airflow/providers/common/sql/operators/sql.py"", ""providers/fab/src/airflow/providers/fab/auth_manager/api_fastapi/routes/login.py"", ""providers/fab/src/airflow/providers/fab/auth_manager/api_fastapi/services/users.py"", ""providers/fab/src/airflow/providers/fab/www/extensions/init_appbuilder.py"", ""providers/fab/src/airflow/providers/fab/www/static/js/main.js"", ""providers/google/src/airflow/providers/google/cloud/hooks/kubernetes_engine.py"", ""scripts/ci/analyze_ci_job_durations.py"", ""scripts/ci/prek/check_metrics_synced_with_the_registry.py"", ""shared/listeners/src/airflow_shared/listeners/listener.py""]",[],False
adaptive_hybrid_graphrag,code_retrieval-005,results\final_evaluation\adaptive_hybrid_graphrag_results.csv,1.0,0,[],"[""airflow-core/src/airflow/ui/src/components/AssetExpression/AssetNode.tsx"", ""airflow-core/src/airflow/ui/src/components/Banner/BackfillBanner.tsx"", ""airflow-core/src/airflow/ui/src/components/BreadcrumbStats.tsx"", ""airflow-core/src/airflow/ui/src/components/DagActions/FavoriteDagButton.tsx"", ""airflow-core/src/airflow/ui/src/components/DagRunInfo.tsx"", ""airflow-core/src/airflow/ui/src/components/DagVersion.tsx"", ""airflow-core/src/airflow/ui/src/components/FlexibleForm/FlexibleForm.tsx"", ""airflow-core/src/airflow/ui/src/components/Graph/TaskNode.tsx"", ""airflow-core/src/airflow/ui/src/components/MarkdownModal.tsx"", ""airflow-core/src/airflow/ui/src/components/NeedsReviewButton.tsx"", ""airflow-core/src/airflow/ui/src/components/PresetFiltersMenu.tsx"", ""airflow-core/src/airflow/ui/src/components/SearchBar.tsx"", ""airflow-core/src/airflow/ui/src/components/StateBadge.tsx"", ""airflow-core/src/airflow/ui/src/components/StatsCard.tsx"", ""airflow-core/src/airflow/ui/src/components/TaskName.tsx"", ""airflow-core/src/airflow/ui/src/components/ui/Checkbox.tsx"", ""airflow-core/src/airflow/ui/src/components/ui/Clipboard.tsx"", ""airflow-core/src/airflow/ui/src/components/ui/LazyClipboard.tsx"", ""airflow-core/src/airflow/ui/src/components/ui/RadioCard.tsx"", ""airflow-core/src/airflow/ui/src/components/ui/Toaster/Toaster.tsx"", ""airflow-core/src/airflow/ui/src/layouts/BaseLayout.tsx"", ""airflow-core/src/airflow/ui/src/layouts/Details/DetailsLayout.tsx"", ""airflow-core/src/airflow/ui/src/layouts/Details/Grid/Bar.tsx"", ""airflow-core/src/airflow/ui/src/layouts/Details/PanelButtons.tsx"", ""airflow-core/src/airflow/ui/src/layouts/Nav/NavButton.tsx"", ""airflow-core/src/airflow/ui/src/pages/Asset/Header.tsx"", ""airflow-core/src/airflow/ui/src/pages/AssetsList/AssetsList.tsx"", ""airflow-core/src/airflow/ui/src/pages/Connections/ConnectionStandardFields.tsx"", ""airflow-core/src/airflow/ui/src/pages/Connections/Connections.tsx"", ""airflow-core/src/airflow/ui/src/pages/Dag/Calendar/CalendarCell.tsx"", ""airflow-core/src/airflow/ui/src/pages/Dag/DeadlineAlertsBadge.tsx"", ""airflow-core/src/airflow/ui/src/pages/Dag/Header.tsx"", ""airflow-core/src/airflow/ui/src/pages/Dag/Overview/AllDeadlinesModal.tsx"", ""airflow-core/src/airflow/ui/src/pages/Dag/Overview/DagDeadlines.tsx"", ""airflow-core/src/airflow/ui/src/pages/Dag/Overview/DeadlineRow.tsx"", ""airflow-core/src/airflow/ui/src/pages/Dag/Overview/Overview.tsx"", ""airflow-core/src/airflow/ui/src/pages/DagRuns/DagRuns.tsx"", ""airflow-core/src/airflow/ui/src/pages/DagsList/DagsFilters/RunStateSelect.tsx"", ""airflow-core/src/airflow/ui/src/pages/DagsList/DagsList.tsx"", ""airflow-core/src/airflow/ui/src/pages/Dashboard/Deadlines/DeadlineSection.tsx"", ""airflow-core/src/airflow/ui/src/pages/Dashboard/Stats/DagImportErrors.tsx"", ""airflow-core/src/airflow/ui/src/pages/Dashboard/Stats/PluginImportErrors.tsx"", ""airflow-core/src/airflow/ui/src/pages/Dashboard/Stats/Stats.tsx"", ""airflow-core/src/airflow/ui/src/pages/Deadlines/index.tsx"", ""airflow-core/src/airflow/ui/src/pages/GroupTaskInstance/GroupTaskInstance.tsx"", ""airflow-core/src/airflow/ui/src/pages/GroupTaskInstance/Header.tsx"", ""airflow-core/src/airflow/ui/src/pages/HITLTaskInstances/HITLTaskInstances.tsx"", ""airflow-core/src/airflow/ui/src/pages/Jobs.tsx"", ""airflow-core/src/airflow/ui/src/pages/MappedTaskInstance/Header.tsx"", ""airflow-core/src/airflow/ui/src/pages/MappedTaskInstance/MappedTaskInstance.tsx"", ""airflow-core/src/airflow/ui/src/pages/Plugins.tsx"", ""airflow-core/src/airflow/ui/src/pages/Pools/PoolBarCard.tsx"", ""airflow-core/src/airflow/ui/src/pages/Providers.tsx"", ""airflow-core/src/airflow/ui/src/pages/ReactPlugin.tsx"", ""airflow-core/src/airflow/ui/src/pages/Run/DeadlineStatus.tsx"", ""airflow-core/src/airflow/ui/src/pages/Run/DeadlineStatusModal.tsx"", ""airflow-core/src/airflow/ui/src/pages/Run/Details.tsx"", ""airflow-core/src/airflow/ui/src/pages/Run/Header.tsx"", ""airflow-core/src/airflow/ui/src/pages/Run/Run.tsx"", ""airflow-core/src/airflow/ui/src/pages/Task/GroupTaskHeader.tsx"", ""airflow-core/src/airflow/ui/src/pages/Task/Header.tsx"", ""airflow-core/src/airflow/ui/src/pages/Task/Task.tsx"", ""airflow-core/src/airflow/ui/src/pages/TaskInstance/Header.tsx"", ""airflow-core/src/airflow/ui/src/pages/TaskInstance/Logs/LogSearchInput.tsx"", ""airflow-core/src/airflow/ui/src/pages/TaskInstance/Logs/ScrollToButton.tsx"", ""airflow-core/src/airflow/ui/src/pages/TaskInstances/TaskInstances.tsx"", ""airflow-core/src/airflow/ui/src/pages/Variables/Variables.tsx"", ""providers/edge3/src/airflow/providers/edge3/plugins/www/src/components/SearchBar.tsx"", ""providers/edge3/src/airflow/providers/edge3/plugins/www/src/components/StateBadge.tsx"", ""providers/edge3/src/airflow/providers/edge3/plugins/www/src/components/WorkerStateBadge.tsx"", ""providers/edge3/src/airflow/providers/edge3/plugins/www/src/components/ui/CloseButton.tsx"", ""providers/edge3/src/airflow/providers/edge3/plugins/www/src/components/ui/toaster.tsx"", ""providers/edge3/src/airflow/providers/edge3/plugins/www/src/layouts/EdgeLayout.tsx""]",[],False
adaptive_hybrid_graphrag,structure-021,results\final_evaluation\adaptive_hybrid_graphrag_results.csv,1.0,0,[],"[""airflow-core/src/airflow/utils/helpers.py"", ""airflow-core/src/airflow/utils/json.py"", ""airflow-core/src/airflow/utils/log/__init__.py"", ""airflow-core/src/airflow/utils/log/action_logger.py"", ""airflow-core/src/airflow/utils/log/colored_log.py"", ""airflow-core/src/airflow/utils/log/file_processor_handler.py"", ""airflow-core/src/airflow/utils/log/file_task_handler.py"", ""airflow-core/src/airflow/utils/log/json_formatter.py"", ""airflow-core/src/airflow/utils/log/log_reader.py"", ""airflow-core/src/airflow/utils/log/log_stream_accumulator.py"", ""airflow-core/src/airflow/utils/log/logging_mixin.py"", ""airflow-core/src/airflow/utils/log/non_caching_file_handler.py"", ""airflow-core/src/airflow/utils/log/task_handler_with_custom_formatter.py"", ""airflow-core/src/airflow/utils/log/timezone_aware.py"", ""airflow-core/src/airflow/utils/memray_utils.py"", ""airflow-core/src/airflow/utils/net.py"", ""airflow-core/src/airflow/utils/operator_helpers.py"", ""airflow-core/src/airflow/utils/orm_event_handlers.py"", ""airflow-core/src/airflow/utils/platform.py"", ""airflow-core/src/airflow/utils/process_utils.py"", ""airflow-core/src/airflow/utils/providers_configuration_loader.py"", ""airflow-core/src/airflow/utils/retries.py"", ""airflow-core/src/airflow/utils/scheduler_health.py"", ""airflow-core/src/airflow/utils/serve_logs/__init__.py"", ""airflow-core/src/airflow/utils/serve_logs/core.py"", ""airflow-core/src/airflow/utils/serve_logs/log_server.py"", ""airflow-core/src/airflow/utils/session.py"", ""airflow-core/src/airflow/utils/sqlalchemy.py"", ""airflow-core/src/airflow/utils/state.py"", ""airflow-core/src/airflow/utils/strings.py"", ""airflow-core/src/airflow/utils/thread_safe_dict.py"", ""airflow-core/src/airflow/utils/types.py"", ""airflow-core/src/airflow/utils/yaml.py""]",[],False
adaptive_hybrid_graphrag,structure-011,results\final_evaluation\adaptive_hybrid_graphrag_results.csv,1.0,0,[],"[""airflow-core/newsfragments/61153.significant.rst"", ""airflow-core/newsfragments/61274.improvement.rst"", ""airflow-core/newsfragments/62055.significant.rst"", ""airflow-core/newsfragments/62343.feature.rst"", ""airflow-core/newsfragments/62344.feature.rst"", ""airflow-core/newsfragments/62369.significant.rst"", ""airflow-core/newsfragments/62487.significant.rst"", ""airflow-core/newsfragments/62561.bugfix.rst"", ""airflow-core/newsfragments/62964.bugfix.rst"", ""airflow-core/newsfragments/63141.bugfix.rst"", ""airflow-core/newsfragments/63205.bugfix.rst"", ""airflow-core/newsfragments/63266.bugfix.rst"", ""airflow-core/newsfragments/63296.significant.rst"", ""airflow-core/newsfragments/63312.feature.rst"", ""airflow-core/newsfragments/63365.significant.rst"", ""airflow-core/newsfragments/63452.significant.rst"", ""airflow-core/newsfragments/63664.bugfix.rst"", ""airflow-core/newsfragments/63878.bugfix.rst"", ""airflow-core/newsfragments/63884.significant.rst"", ""airflow-core/newsfragments/64067.bugfix.rst"", ""airflow-core/newsfragments/64207.significant.rst"", ""airflow-core/newsfragments/64232.feature.rst"", ""airflow-core/newsfragments/64503.bugfix.rst"", ""airflow-core/newsfragments/64552.improvement.rst"", ""airflow-core/newsfragments/64563.feature.rst"", ""airflow-core/newsfragments/64571.significant.rst"", ""airflow-core/newsfragments/64751.feature.rst"", ""airflow-core/newsfragments/64822.significant.rst"", ""airflow-core/newsfragments/65269.significant.rst"", ""airflow-core/newsfragments/65346.significant.rst"", ""airflow-core/newsfragments/65422.bugfix.rst"", ""airflow-core/newsfragments/65590.feature.rst"", ""airflow-core/newsfragments/66015.significant.rst"", ""airflow-core/newsfragments/66030.feature.rst"", ""airflow-core/newsfragments/66161.significant.rst"", ""airflow-core/newsfragments/66210.bugfix.rst"", ""airflow-core/newsfragments/66412.significant.rst"", ""airflow-core/newsfragments/66499.significant.rst"", ""airflow-core/newsfragments/66584.feature.rst"", ""airflow-core/newsfragments/66737.significant.rst"", ""airflow-core/newsfragments/66807.feature.rst"", ""airflow-core/newsfragments/66848.feature.rst"", ""airflow-core/newsfragments/67056.significant.rst"", ""airflow-core/newsfragments/67164.significant.rst"", ""airflow-core/newsfragments/67184.feature.rst"", ""airflow-core/newsfragments/67285.feature.rst"", ""airflow-core/newsfragments/67288.improvement.rst"", ""airflow-core/newsfragments/67475.feature.rst"", ""airflow-core/newsfragments/67494.significant.rst"", ""airflow-core/newsfragments/67523.feature.rst"", ""airflow-core/newsfragments/67586.significant.rst"", ""airflow-core/newsfragments/67684.bugfix.rst"", ""airflow-core/newsfragments/67688.improvement.rst"", ""airflow-core/newsfragments/67716.feature.rst"", ""airflow-core/newsfragments/67868.bugfix.rst"", ""airflow-core/newsfragments/67873.bugfix.rst"", ""airflow-core/newsfragments/67927.feature.rst"", ""airflow-core/newsfragments/68028.feature.rst"", ""airflow-core/newsfragments/68266.bugfix.rst"", ""airflow-core/newsfragments/68314.improvement.rst"", ""airflow-core/newsfragments/68496.significant.rst"", ""airflow-core/newsfragments/68548.feature.rst"", ""airflow-core/newsfragments/68741.bugfix.rst"", ""airflow-core/newsfragments/68749.bugfix.rst"", ""airflow-core/newsfragments/68791.improvement.rst"", ""airflow-core/newsfragments/68888.feature.rst"", ""airflow-core/newsfragments/69075.bugfix.rst"", ""airflow-core/newsfragments/69143.bugfix.rst"", ""airflow-core/newsfragments/continuous-optional-start-date.improvement.rst""]",[],False
adaptive_hybrid_graphrag,structure-034,results\final_evaluation\adaptive_hybrid_graphrag_results.csv,1.0,0,[],"[""airflow-core/src/airflow/example_dags/example_latest_only_with_trigger.py"", ""airflow-core/src/airflow/example_dags/example_local_kubernetes_executor.py"", ""airflow-core/src/airflow/example_dags/example_nested_branch_dag.py"", ""airflow-core/src/airflow/example_dags/example_outlet_event_extra.py"", ""airflow-core/src/airflow/example_dags/example_params_trigger_ui.py"", ""airflow-core/src/airflow/example_dags/example_params_ui_tutorial.py"", ""airflow-core/src/airflow/example_dags/example_passing_params_via_test_command.py"", ""airflow-core/src/airflow/example_dags/example_retry_policy.py"", ""airflow-core/src/airflow/example_dags/example_setup_teardown.py"", ""airflow-core/src/airflow/example_dags/example_setup_teardown_taskflow.py"", ""airflow-core/src/airflow/example_dags/example_simplest_dag.py"", ""airflow-core/src/airflow/example_dags/example_skip_dag.py"", ""airflow-core/src/airflow/example_dags/example_task_group.py"", ""airflow-core/src/airflow/example_dags/example_task_group_decorator.py"", ""airflow-core/src/airflow/example_dags/example_task_state_store.py"", ""airflow-core/src/airflow/example_dags/example_task_state_store_mapped.py"", ""airflow-core/src/airflow/example_dags/example_time_delta_sensor_async.py"", ""airflow-core/src/airflow/example_dags/example_trigger_target_dag.py"", ""airflow-core/src/airflow/example_dags/example_workday_timetable.py"", ""airflow-core/src/airflow/example_dags/example_xcom.py"", ""airflow-core/src/airflow/example_dags/example_xcomargs.py"", ""airflow-core/src/airflow/example_dags/libs/__init__.py"", ""airflow-core/src/airflow/example_dags/libs/helper.py"", ""airflow-core/src/airflow/example_dags/plugins/__init__.py"", ""airflow-core/src/airflow/example_dags/plugins/business_day_window.py"", ""airflow-core/src/airflow/example_dags/plugins/custom_partition_mapper.py"", ""airflow-core/src/airflow/example_dags/plugins/custom_partition_timetable.py"", ""airflow-core/src/airflow/example_dags/plugins/decreasing_priority_weight_strategy.py"", ""airflow-core/src/airflow/example_dags/plugins/event_listener.py"", ""airflow-core/src/airflow/example_dags/plugins/listener_plugin.py"", ""airflow-core/src/airflow/example_dags/plugins/workday.py"", ""airflow-core/src/airflow/example_dags/tutorial.py"", ""airflow-core/src/airflow/example_dags/tutorial_dag.py"", ""airflow-core/src/airflow/example_dags/tutorial_objectstorage.py"", ""airflow-core/src/airflow/example_dags/tutorial_taskflow_api.py"", ""airflow-core/src/airflow/example_dags/tutorial_taskflow_api_virtualenv.py"", ""airflow-core/src/airflow/example_dags/tutorial_taskflow_templates.py""]",[],False
adaptive_hybrid_graphrag,structure-013,results\final_evaluation\adaptive_hybrid_graphrag_results.csv,1.0,0,[],"[""airflow-core/src/airflow/ui/src/queries/useDagParams.ts"", ""airflow-core/src/airflow/ui/src/queries/useDagParsing.ts"", ""airflow-core/src/airflow/ui/src/queries/useDagRunNote.ts"", ""airflow-core/src/airflow/ui/src/queries/useDagTagsInfinite.ts"", ""airflow-core/src/airflow/ui/src/queries/useDeadlines.ts"", ""airflow-core/src/airflow/ui/src/queries/useDeleteConnection.ts"", ""airflow-core/src/airflow/ui/src/queries/useDeleteDag.ts"", ""airflow-core/src/airflow/ui/src/queries/useDeleteDagRun.ts"", ""airflow-core/src/airflow/ui/src/queries/useDeletePool.ts"", ""airflow-core/src/airflow/ui/src/queries/useDeleteTaskInstance.ts"", ""airflow-core/src/airflow/ui/src/queries/useDeleteVariable.ts"", ""airflow-core/src/airflow/ui/src/queries/useDependencyGraph.ts"", ""airflow-core/src/airflow/ui/src/queries/useEditPool.ts"", ""airflow-core/src/airflow/ui/src/queries/useEditVariable.ts"", ""airflow-core/src/airflow/ui/src/queries/useGridRuns.ts"", ""airflow-core/src/airflow/ui/src/queries/useGridStructure.ts"", ""airflow-core/src/airflow/ui/src/queries/useGridTISummaries.ts"", ""airflow-core/src/airflow/ui/src/queries/useImportVariables.ts"", ""airflow-core/src/airflow/ui/src/queries/useNoteEditor.ts"", ""airflow-core/src/airflow/ui/src/queries/useParamStore.ts"", ""airflow-core/src/airflow/ui/src/queries/usePatchDagRun.ts"", ""airflow-core/src/airflow/ui/src/queries/usePatchTaskGroup.ts"", ""airflow-core/src/airflow/ui/src/queries/usePatchTaskGroupDryRun.ts"", ""airflow-core/src/airflow/ui/src/queries/usePatchTaskInstance.ts"", ""airflow-core/src/airflow/ui/src/queries/usePatchTaskInstanceDryRun.ts"", ""airflow-core/src/airflow/ui/src/queries/useRefreshOnNewDagRuns.ts"", ""airflow-core/src/airflow/ui/src/queries/useStoreMutation.ts"", ""airflow-core/src/airflow/ui/src/queries/useTaskInstanceNote.ts"", ""airflow-core/src/airflow/ui/src/queries/useTestConnection.ts"", ""airflow-core/src/airflow/ui/src/queries/useToggleFavoriteDag.ts"", ""airflow-core/src/airflow/ui/src/queries/useTogglePause.ts"", ""airflow-core/src/airflow/ui/src/queries/useTrigger.ts"", ""airflow-core/src/airflow/ui/src/queries/useUpdateHITLDetail.ts""]",[],False
adaptive_hybrid_graphrag,code_retrieval-018,results\final_evaluation\adaptive_hybrid_graphrag_results.csv,1.0,0,[],"[""airflow-core/src/airflow/api_fastapi/auth/managers/simple/ui/openapi-gen/requests/core/serverSentEvents.gen.ts"", ""airflow-core/src/airflow/ui/src/hooks/useSelectedVersion.ts"", ""airflow-core/src/airflow/ui/src/layouts/Details/DagBreadcrumb.tsx"", ""airflow-core/src/airflow/ui/src/pages/Asset/AssetEvents.tsx"", ""airflow-core/src/airflow/ui/src/pages/Asset/AssetStateStore/AssetStateStore.tsx"", ""airflow-core/src/airflow/ui/src/pages/Dag/Overview/Overview.tsx"", ""airflow-core/src/airflow/ui/src/pages/Events/Events.tsx"", ""airflow-core/src/airflow/ui/src/pages/TaskInstance/AssetEvents.tsx"", ""airflow-core/src/airflow/ui/src/pages/TaskInstance/Details.tsx"", ""airflow-core/src/airflow/ui/src/pages/TaskInstance/ExtraLinks.tsx"", ""airflow-core/src/airflow/ui/src/pages/TaskInstance/HITLResponse.tsx"", ""airflow-core/src/airflow/ui/src/pages/TaskInstance/Logs/Logs.tsx"", ""airflow-core/src/airflow/ui/src/pages/TaskInstance/TaskInstance.tsx"", ""airflow-core/src/airflow/ui/src/pages/TaskStateStore/TaskStateStore.tsx"", ""airflow-core/src/airflow/ui/tests/e2e/pages/BackfillPage.ts"", ""airflow-core/src/airflow/ui/tests/e2e/pages/HomePage.ts"", ""providers/edge3/src/airflow/providers/edge3/plugins/www/src/components/WorkerConcurrencyButton.tsx"", ""registry/src/_data/statsData.js""]",[],False
adaptive_hybrid_graphrag,structure-019,results\final_evaluation\adaptive_hybrid_graphrag_results.csv,1.0,0,[],"[""airflow-core/tests/unit/dags/test_dag_test_with_dynamic_trigger.py"", ""airflow-core/tests/unit/dags/test_dag_test_with_trigger.py"", ""airflow-core/tests/unit/dags/test_dag_version_inflation_check.py"", ""airflow-core/tests/unit/dags/test_dag_warnings.py"", ""airflow-core/tests/unit/dags/test_dag_with_no_tags.py"", ""airflow-core/tests/unit/dags/test_dag_xcom_openlineage.py"", ""airflow-core/tests/unit/dags/test_dagrun_fast_follow.py"", ""airflow-core/tests/unit/dags/test_default_impersonation.py"", ""airflow-core/tests/unit/dags/test_double_trigger.py"", ""airflow-core/tests/unit/dags/test_example_bash_operator.py"", ""airflow-core/tests/unit/dags/test_external_task_sensor_check_existense.py"", ""airflow-core/tests/unit/dags/test_failing.py"", ""airflow-core/tests/unit/dags/test_future_start_date.py"", ""airflow-core/tests/unit/dags/test_heartbeat_failed_fast.py"", ""airflow-core/tests/unit/dags/test_impersonation.py"", ""airflow-core/tests/unit/dags/test_imports.py"", ""airflow-core/tests/unit/dags/test_invalid_cron.py"", ""airflow-core/tests/unit/dags/test_invalid_dup_task.py"", ""airflow-core/tests/unit/dags/test_invalid_param.py"", ""airflow-core/tests/unit/dags/test_invalid_param2.py"", ""airflow-core/tests/unit/dags/test_invalid_param3.py"", ""airflow-core/tests/unit/dags/test_invalid_param4.py"", ""airflow-core/tests/unit/dags/test_latest_runs.py"", ""airflow-core/tests/unit/dags/test_logging_in_dag.py"", ""airflow-core/tests/unit/dags/test_mapped_classic.py"", ""airflow-core/tests/unit/dags/test_mapped_taskflow.py"", ""airflow-core/tests/unit/dags/test_mark_state.py"", ""airflow-core/tests/unit/dags/test_miscellaneous.py"", ""airflow-core/tests/unit/dags/test_missing_owner.py"", ""airflow-core/tests/unit/dags/test_multiple_dags.py"", ""airflow-core/tests/unit/dags/test_no_impersonation.py"", ""airflow-core/tests/unit/dags/test_on_failure_callback.py"", ""airflow-core/tests/unit/dags/test_on_kill.py"", ""airflow-core/tests/unit/dags/test_only_empty_tasks.py"", ""airflow-core/tests/unit/dags/test_parsing_context.py"", ""airflow-core/tests/unit/dags/test_scheduler_dags.py"", ""airflow-core/tests/unit/dags/test_sensor.py"", ""airflow-core/tests/unit/dags/test_task_view_type_check.py"", ""airflow-core/tests/unit/dags/test_valid_param.py"", ""airflow-core/tests/unit/dags/test_valid_param2.py"", ""airflow-core/tests/unit/dags/test_with_non_default_owner.py"", ""airflow-core/tests/unit/dags/test_zip/file_no_airflow_dag.py"", ""airflow-core/tests/unit/dags/test_zip/test_zip.py"", ""airflow-core/tests/unit/dags/test_zip/test_zip_module/__init__.py"", ""airflow-core/tests/unit/dags/test_zip/test_zip_module/test.py""]",[],False
adaptive_hybrid_graphrag,structure-017,results\final_evaluation\adaptive_hybrid_graphrag_results.csv,1.0,0,[],"[""airflow-core/src/airflow/api_fastapi/core_api/datamodels/monitor.py"", ""airflow-core/src/airflow/api_fastapi/core_api/datamodels/plugins.py"", ""airflow-core/src/airflow/api_fastapi/core_api/datamodels/pools.py"", ""airflow-core/src/airflow/api_fastapi/core_api/datamodels/providers.py"", ""airflow-core/src/airflow/api_fastapi/core_api/datamodels/task_instance_history.py"", ""airflow-core/src/airflow/api_fastapi/core_api/datamodels/task_instances.py"", ""airflow-core/src/airflow/api_fastapi/core_api/datamodels/task_state_store.py"", ""airflow-core/src/airflow/api_fastapi/core_api/datamodels/tasks.py"", ""airflow-core/src/airflow/api_fastapi/core_api/datamodels/trigger.py"", ""airflow-core/src/airflow/api_fastapi/core_api/datamodels/ui/__init__.py"", ""airflow-core/src/airflow/api_fastapi/core_api/datamodels/ui/assets.py"", ""airflow-core/src/airflow/api_fastapi/core_api/datamodels/ui/auth.py"", ""airflow-core/src/airflow/api_fastapi/core_api/datamodels/ui/calendar.py"", ""airflow-core/src/airflow/api_fastapi/core_api/datamodels/ui/common.py"", ""airflow-core/src/airflow/api_fastapi/core_api/datamodels/ui/config.py"", ""airflow-core/src/airflow/api_fastapi/core_api/datamodels/ui/dag_runs.py"", ""airflow-core/src/airflow/api_fastapi/core_api/datamodels/ui/dags.py"", ""airflow-core/src/airflow/api_fastapi/core_api/datamodels/ui/dashboard.py"", ""airflow-core/src/airflow/api_fastapi/core_api/datamodels/ui/deadline.py"", ""airflow-core/src/airflow/api_fastapi/core_api/datamodels/ui/gantt.py"", ""airflow-core/src/airflow/api_fastapi/core_api/datamodels/ui/grid.py"", ""airflow-core/src/airflow/api_fastapi/core_api/datamodels/ui/partitioned_dag_runs.py"", ""airflow-core/src/airflow/api_fastapi/core_api/datamodels/ui/structure.py"", ""airflow-core/src/airflow/api_fastapi/core_api/datamodels/ui/teams.py"", ""airflow-core/src/airflow/api_fastapi/core_api/datamodels/variables.py"", ""airflow-core/src/airflow/api_fastapi/core_api/datamodels/version.py"", ""airflow-core/src/airflow/api_fastapi/core_api/datamodels/xcom.py""]",[],False
adaptive_hybrid_graphrag,structure-027,results\final_evaluation\adaptive_hybrid_graphrag_results.csv,1.0,0,[],"[""airflow-core/src/airflow/ui/src/components/FlexibleForm/Row.tsx"", ""airflow-core/src/airflow/ui/src/components/FlexibleForm/index.tsx"", ""airflow-core/src/airflow/ui/src/components/FlexibleForm/isParamRequired.tsx""]",[],False
adaptive_hybrid_graphrag,structure-012,results\final_evaluation\adaptive_hybrid_graphrag_results.csv,1.0,0,[],"[""airflow-core/tests/unit/api_fastapi/common/test_dagbag.py"", ""airflow-core/tests/unit/api_fastapi/common/test_exceptions.py"", ""airflow-core/tests/unit/api_fastapi/common/test_http_access_log.py"", ""airflow-core/tests/unit/api_fastapi/common/test_parameters.py"", ""airflow-core/tests/unit/api_fastapi/common/test_partition_helpers.py"", ""airflow-core/tests/unit/api_fastapi/common/test_types.py"", ""airflow-core/tests/unit/api_fastapi/common/test_uuid_serialization.py"", ""airflow-core/tests/unit/api_fastapi/conftest.py"", ""airflow-core/tests/unit/api_fastapi/core_api/__init__.py"", ""airflow-core/tests/unit/api_fastapi/core_api/datamodels/__init__.py"", ""airflow-core/tests/unit/api_fastapi/core_api/datamodels/test_common.py"", ""airflow-core/tests/unit/api_fastapi/core_api/datamodels/test_dag_run.py"", ""airflow-core/tests/unit/api_fastapi/core_api/datamodels/test_dags.py"", ""airflow-core/tests/unit/api_fastapi/core_api/datamodels/test_trigger.py"", ""airflow-core/tests/unit/api_fastapi/core_api/datamodels/test_ui_common.py"", ""airflow-core/tests/unit/api_fastapi/core_api/routes/__init__.py"", ""airflow-core/tests/unit/api_fastapi/core_api/routes/public/__init__.py"", ""airflow-core/tests/unit/api_fastapi/core_api/routes/public/test_asset_state_store.py"", ""airflow-core/tests/unit/api_fastapi/core_api/routes/public/test_assets.py"", ""airflow-core/tests/unit/api_fastapi/core_api/routes/public/test_auth.py"", ""airflow-core/tests/unit/api_fastapi/core_api/routes/public/test_backfills.py"", ""airflow-core/tests/unit/api_fastapi/core_api/routes/public/test_config.py"", ""airflow-core/tests/unit/api_fastapi/core_api/routes/public/test_connections.py"", ""airflow-core/tests/unit/api_fastapi/core_api/routes/public/test_dag_parsing.py"", ""airflow-core/tests/unit/api_fastapi/core_api/routes/public/test_dag_sources.py"", ""airflow-core/tests/unit/api_fastapi/core_api/routes/public/test_dag_stats.py"", ""airflow-core/tests/unit/api_fastapi/core_api/routes/public/test_dag_tags.py"", ""airflow-core/tests/unit/api_fastapi/core_api/routes/public/test_dag_versions.py"", ""airflow-core/tests/unit/api_fastapi/core_api/routes/public/test_dag_warning.py"", ""airflow-core/tests/unit/api_fastapi/core_api/routes/public/test_dags.py"", ""airflow-core/tests/unit/api_fastapi/core_api/routes/public/test_event_logs.py"", ""airflow-core/tests/unit/api_fastapi/core_api/routes/public/test_extra_links.py"", ""airflow-core/tests/unit/api_fastapi/core_api/routes/public/test_hitl.py"", ""airflow-core/tests/unit/api_fastapi/core_api/routes/public/test_import_error.py"", ""airflow-core/tests/unit/api_fastapi/core_api/routes/public/test_job.py"", ""airflow-core/tests/unit/api_fastapi/core_api/routes/public/test_log.py"", ""airflow-core/tests/unit/api_fastapi/core_api/routes/public/test_monitor.py"", ""airflow-core/tests/unit/api_fastapi/core_api/routes/public/test_plugins.py"", ""airflow-core/tests/unit/api_fastapi/core_api/routes/public/test_pools.py"", ""airflow-core/tests/unit/api_fastapi/core_api/routes/public/test_providers.py"", ""airflow-core/tests/unit/api_fastapi/core_api/routes/public/test_task_state_store.py"", ""airflow-core/tests/unit/api_fastapi/core_api/routes/public/test_tasks.py"", ""airflow-core/tests/unit/api_fastapi/core_api/routes/public/test_variables.py"", ""airflow-core/tests/unit/api_fastapi/core_api/routes/public/test_version.py"", ""airflow-core/tests/unit/api_fastapi/core_api/routes/public/test_xcom.py"", ""airflow-core/tests/unit/api_fastapi/core_api/routes/test_routes.py"", ""airflow-core/tests/unit/api_fastapi/core_api/routes/ui/__init__.py"", ""airflow-core/tests/unit/api_fastapi/core_api/routes/ui/test_assets.py"", ""airflow-core/tests/unit/api_fastapi/core_api/routes/ui/test_auth.py"", ""airflow-core/tests/unit/api_fastapi/core_api/routes/ui/test_backfills.py"", ""airflow-core/tests/unit/api_fastapi/core_api/routes/ui/test_calendar.py"", ""airflow-core/tests/unit/api_fastapi/core_api/routes/ui/test_config.py"", ""airflow-core/tests/unit/api_fastapi/core_api/routes/ui/test_connections.py"", ""airflow-core/tests/unit/api_fastapi/core_api/routes/ui/test_dags.py"", ""airflow-core/tests/unit/api_fastapi/core_api/routes/ui/test_dashboard.py"", ""airflow-core/tests/unit/api_fastapi/core_api/routes/ui/test_deadlines.py"", ""airflow-core/tests/unit/api_fastapi/core_api/routes/ui/test_dependencies.py"", ""airflow-core/tests/unit/api_fastapi/core_api/routes/ui/test_gantt.py"", ""airflow-core/tests/unit/api_fastapi/core_api/routes/ui/test_grid.py"", ""airflow-core/tests/unit/api_fastapi/core_api/routes/ui/test_partitioned_dag_runs.py"", ""airflow-core/tests/unit/api_fastapi/core_api/routes/ui/test_structure.py"", ""airflow-core/tests/unit/api_fastapi/core_api/routes/ui/test_teams.py"", ""airflow-core/tests/unit/api_fastapi/core_api/services/__init__.py"", ""airflow-core/tests/unit/api_fastapi/core_api/services/public/__init__.py"", ""airflow-core/tests/unit/api_fastapi/core_api/services/public/test_task_instances.py"", ""airflow-core/tests/unit/api_fastapi/core_api/services/ui/__init__.py"", ""airflow-core/tests/unit/api_fastapi/core_api/services/ui/test_connections.py"", ""airflow-core/tests/unit/api_fastapi/core_api/services/ui/test_grid.py"", ""airflow-core/tests/unit/api_fastapi/core_api/test_app.py"", ""airflow-core/tests/unit/api_fastapi/core_api/test_base.py"", ""airflow-core/tests/unit/api_fastapi/core_api/test_security.py"", ""airflow-core/tests/unit/api_fastapi/execution_api/__init__.py"", ""airflow-core/tests/unit/api_fastapi/execution_api/conftest.py"", ""airflow-core/tests/unit/api_fastapi/execution_api/routes/__init__.py"", ""airflow-core/tests/unit/api_fastapi/execution_api/routes/test_health_routes.py"", ""airflow-core/tests/unit/api_fastapi/execution_api/test_app.py"", ""airflow-core/tests/unit/api_fastapi/execution_api/test_security.py"", ""airflow-core/tests/unit/api_fastapi/execution_api/test_token_scope_boundaries.py"", ""airflow-core/tests/unit/api_fastapi/execution_api/versions/__init__.py"", ""airflow-core/tests/unit/api_fastapi/execution_api/versions/head/__init__.py""]",[],False
adaptive_hybrid_graphrag,structure-004,results\final_evaluation\adaptive_hybrid_graphrag_results.csv,1.0,0,[],"[""airflow-core/src/airflow/cli/commands/rotate_fernet_key_command.py"", ""airflow-core/src/airflow/cli/commands/scheduler_command.py"", ""airflow-core/src/airflow/cli/commands/standalone_command.py"", ""airflow-core/src/airflow/cli/commands/state_store_command.py"", ""airflow-core/src/airflow/cli/commands/task_command.py"", ""airflow-core/src/airflow/cli/commands/team_command.py"", ""airflow-core/src/airflow/cli/commands/triggerer_command.py"", ""airflow-core/src/airflow/cli/commands/variable_command.py"", ""airflow-core/src/airflow/cli/commands/version_command.py""]",[],False
adaptive_hybrid_graphrag,code_retrieval-033,results\final_evaluation\adaptive_hybrid_graphrag_results.csv,1.0,0,[],"[""airflow-core/tests/unit/models/test_connection.py"", ""providers/common/sql/tests/unit/common/sql/datafusion/test_engine.py"", ""task-sdk/tests/task_sdk/execution_time/test_context_cache.py""]",[],False
adaptive_hybrid_graphrag,structure-005,results\final_evaluation\adaptive_hybrid_graphrag_results.csv,1.0,0,[],"[""airflow-core/src/airflow/api_fastapi/core_api/routes/public/log.py"", ""airflow-core/src/airflow/api_fastapi/core_api/routes/public/monitor.py"", ""airflow-core/src/airflow/api_fastapi/core_api/routes/public/plugins.py"", ""airflow-core/src/airflow/api_fastapi/core_api/routes/public/pools.py"", ""airflow-core/src/airflow/api_fastapi/core_api/routes/public/providers.py"", ""airflow-core/src/airflow/api_fastapi/core_api/routes/public/task_instances.py"", ""airflow-core/src/airflow/api_fastapi/core_api/routes/public/task_state_store.py"", ""airflow-core/src/airflow/api_fastapi/core_api/routes/public/tasks.py"", ""airflow-core/src/airflow/api_fastapi/core_api/routes/public/variables.py"", ""airflow-core/src/airflow/api_fastapi/core_api/routes/public/version.py"", ""airflow-core/src/airflow/api_fastapi/core_api/routes/public/xcom.py""]",[],False
adaptive_hybrid_graphrag,structure-003,results\final_evaluation\adaptive_hybrid_graphrag_results.csv,1.0,0,[],"[""dev/breeze/doc/adr/0005-preventing-using-contributed-code-when-building-images.md"", ""dev/breeze/doc/adr/0006-using-root-user-and-fixing-ownership-for-ci-container.md"", ""dev/breeze/doc/adr/0007-using-database-volumes-for-backends.md"", ""dev/breeze/doc/adr/0008-fixing-group-permissions-before-build.md"", ""dev/breeze/doc/adr/0009-exclude-all-files-from-dockerignore-by-default.md"", ""dev/breeze/doc/adr/0010-use-pipx-to-install-breeze.md"", ""dev/breeze/doc/adr/0011-unified-communication-with-the-users.md"", ""dev/breeze/doc/adr/0012-asking-user-for-confirmation.md"", ""dev/breeze/doc/adr/0013-get-rid-of-submodules.md"", ""dev/breeze/doc/adr/0014-fix-root-ownership-after-exiting-docker-command.md"", ""dev/breeze/doc/adr/0015-handling-rootless-docker.md"", ""dev/breeze/doc/adr/0016-use-uv-tool-to-install-breeze.md"", ""dev/breeze/doc/adr/0017-use-uvx-to-run-breeze-from-local-sources.md"", ""dev/breeze/doc/ci/01_ci_environment.md"", ""dev/breeze/doc/ci/02_images.md"", ""dev/breeze/doc/ci/03_github_variables.md"", ""dev/breeze/doc/ci/04_selective_checks.md"", ""dev/breeze/doc/ci/05_workflows.md"", ""dev/breeze/doc/ci/06_debugging.md"", ""dev/breeze/doc/ci/07_running_ci_locally.md"", ""dev/breeze/doc/ci/README.md"", ""dev/ide_setup/AGENTS.md"", ""dev/mypy/README.md"", ""dev/react-plugin-tools/README.md"", ""dev/react-plugin-tools/react_plugin_template/README.md"", ""dev/skill-evals/README.md"", ""dev/system_tests/README.md""]",[],False
adaptive_hybrid_graphrag,structure-008,results\final_evaluation\adaptive_hybrid_graphrag_results.csv,1.0,0,[],"[""airflow-core/docs/administration-and-deployment/priority-weight.rst"", ""airflow-core/docs/administration-and-deployment/production-deployment.rst"", ""airflow-core/docs/administration-and-deployment/scheduler.rst"", ""airflow-core/docs/administration-and-deployment/task-and-asset-state-store-cleanup.rst"", ""airflow-core/docs/administration-and-deployment/task-and-asset-state-store.rst"", ""airflow-core/docs/administration-and-deployment/web-stack.rst""]",[],False
adaptive_hybrid_graphrag,structure-023,results\final_evaluation\adaptive_hybrid_graphrag_results.csv,1.0,0,[],"[""airflow-core/tests/unit/utils/test_email.py"", ""airflow-core/tests/unit/utils/test_event_scheduler.py"", ""airflow-core/tests/unit/utils/test_file.py"", ""airflow-core/tests/unit/utils/test_helpers.py"", ""airflow-core/tests/unit/utils/test_json.py"", ""airflow-core/tests/unit/utils/test_log_handlers.py"", ""airflow-core/tests/unit/utils/test_logging_mixin.py"", ""airflow-core/tests/unit/utils/test_memray_utils.py"", ""airflow-core/tests/unit/utils/test_net.py"", ""airflow-core/tests/unit/utils/test_operator_helpers.py"", ""airflow-core/tests/unit/utils/test_orm_event_handlers.py"", ""airflow-core/tests/unit/utils/test_process_utils.py"", ""airflow-core/tests/unit/utils/test_retries.py"", ""airflow-core/tests/unit/utils/test_scheduler_health.py"", ""airflow-core/tests/unit/utils/test_serve_logs.py"", ""airflow-core/tests/unit/utils/test_session.py"", ""airflow-core/tests/unit/utils/test_sqlalchemy.py"", ""airflow-core/tests/unit/utils/test_state.py"", ""airflow-core/tests/unit/utils/test_strings.py"", ""airflow-core/tests/unit/utils/test_task_group.py"", ""airflow-core/tests/unit/utils/test_timeout_traceback.py"", ""airflow-core/tests/unit/utils/test_trigger_rule.py"", ""airflow-core/tests/unit/utils/test_types.py""]",[],False
adaptive_hybrid_graphrag,structure-007,results\final_evaluation\adaptive_hybrid_graphrag_results.csv,1.0,0,[],"[""airflow-core/src/airflow/api_fastapi/auth/managers/simple/user.py"", ""airflow-core/src/airflow/api_fastapi/auth/managers/simple/utils.py"", ""airflow-core/src/airflow/api_fastapi/auth/middlewares/__init__.py"", ""airflow-core/src/airflow/api_fastapi/auth/middlewares/refresh_token.py"", ""airflow-core/src/airflow/api_fastapi/auth/tokens.py"", ""airflow-core/src/airflow/api_fastapi/common/__init__.py"", ""airflow-core/src/airflow/api_fastapi/common/cursors.py"", ""airflow-core/src/airflow/api_fastapi/common/dagbag.py"", ""airflow-core/src/airflow/api_fastapi/common/db/__init__.py"", ""airflow-core/src/airflow/api_fastapi/common/db/common.py"", ""airflow-core/src/airflow/api_fastapi/common/db/dag_runs.py"", ""airflow-core/src/airflow/api_fastapi/common/db/dags.py"", ""airflow-core/src/airflow/api_fastapi/common/db/task_instances.py"", ""airflow-core/src/airflow/api_fastapi/common/exceptions.py"", ""airflow-core/src/airflow/api_fastapi/common/headers.py"", ""airflow-core/src/airflow/api_fastapi/common/http_access_log.py"", ""airflow-core/src/airflow/api_fastapi/common/parameters.py"", ""airflow-core/src/airflow/api_fastapi/common/partition_helpers.py"", ""airflow-core/src/airflow/api_fastapi/common/router.py"", ""airflow-core/src/airflow/api_fastapi/common/types.py"", ""airflow-core/src/airflow/api_fastapi/compat.py"", ""airflow-core/src/airflow/api_fastapi/core_api/__init__.py"", ""airflow-core/src/airflow/api_fastapi/core_api/app.py"", ""airflow-core/src/airflow/api_fastapi/core_api/base.py"", ""airflow-core/src/airflow/api_fastapi/core_api/datamodels/__init__.py"", ""airflow-core/src/airflow/api_fastapi/core_api/datamodels/asset_state_store.py"", ""airflow-core/src/airflow/api_fastapi/core_api/datamodels/assets.py"", ""airflow-core/src/airflow/api_fastapi/core_api/datamodels/backfills.py"", ""airflow-core/src/airflow/api_fastapi/core_api/datamodels/common.py"", ""airflow-core/src/airflow/api_fastapi/core_api/datamodels/config.py"", ""airflow-core/src/airflow/api_fastapi/core_api/datamodels/connections.py"", ""airflow-core/src/airflow/api_fastapi/core_api/datamodels/dag_run.py"", ""airflow-core/src/airflow/api_fastapi/core_api/datamodels/dag_sources.py"", ""airflow-core/src/airflow/api_fastapi/core_api/datamodels/dag_stats.py"", ""airflow-core/src/airflow/api_fastapi/core_api/datamodels/dag_tags.py"", ""airflow-core/src/airflow/api_fastapi/core_api/datamodels/dag_versions.py"", ""airflow-core/src/airflow/api_fastapi/core_api/datamodels/dag_warning.py"", ""airflow-core/src/airflow/api_fastapi/core_api/datamodels/dags.py"", ""airflow-core/src/airflow/api_fastapi/core_api/datamodels/event_logs.py"", ""airflow-core/src/airflow/api_fastapi/core_api/datamodels/extra_links.py"", ""airflow-core/src/airflow/api_fastapi/core_api/datamodels/hitl.py"", ""airflow-core/src/airflow/api_fastapi/core_api/datamodels/import_error.py"", ""airflow-core/src/airflow/api_fastapi/core_api/datamodels/job.py"", ""airflow-core/src/airflow/api_fastapi/core_api/datamodels/log.py"", ""airflow-core/src/airflow/api_fastapi/core_api/datamodels/monitor.py"", ""airflow-core/src/airflow/api_fastapi/core_api/datamodels/plugins.py"", ""airflow-core/src/airflow/api_fastapi/core_api/datamodels/pools.py"", ""airflow-core/src/airflow/api_fastapi/core_api/datamodels/providers.py"", ""airflow-core/src/airflow/api_fastapi/core_api/datamodels/task_instance_history.py"", ""airflow-core/src/airflow/api_fastapi/core_api/datamodels/task_instances.py"", ""airflow-core/src/airflow/api_fastapi/core_api/datamodels/task_state_store.py"", ""airflow-core/src/airflow/api_fastapi/core_api/datamodels/tasks.py"", ""airflow-core/src/airflow/api_fastapi/core_api/datamodels/trigger.py"", ""airflow-core/src/airflow/api_fastapi/core_api/datamodels/ui/__init__.py"", ""airflow-core/src/airflow/api_fastapi/core_api/datamodels/ui/assets.py"", ""airflow-core/src/airflow/api_fastapi/core_api/datamodels/ui/auth.py"", ""airflow-core/src/airflow/api_fastapi/core_api/datamodels/ui/calendar.py"", ""airflow-core/src/airflow/api_fastapi/core_api/datamodels/ui/common.py"", ""airflow-core/src/airflow/api_fastapi/core_api/datamodels/ui/config.py"", ""airflow-core/src/airflow/api_fastapi/core_api/datamodels/ui/dag_runs.py"", ""airflow-core/src/airflow/api_fastapi/core_api/datamodels/ui/dags.py"", ""airflow-core/src/airflow/api_fastapi/core_api/datamodels/ui/dashboard.py"", ""airflow-core/src/airflow/api_fastapi/core_api/datamodels/ui/deadline.py"", ""airflow-core/src/airflow/api_fastapi/core_api/datamodels/ui/gantt.py"", ""airflow-core/src/airflow/api_fastapi/core_api/datamodels/ui/grid.py"", ""airflow-core/src/airflow/api_fastapi/core_api/datamodels/ui/partitioned_dag_runs.py"", ""airflow-core/src/airflow/api_fastapi/core_api/datamodels/ui/structure.py"", ""airflow-core/src/airflow/api_fastapi/core_api/datamodels/ui/teams.py"", ""airflow-core/src/airflow/api_fastapi/core_api/datamodels/variables.py"", ""airflow-core/src/airflow/api_fastapi/core_api/datamodels/version.py"", ""airflow-core/src/airflow/api_fastapi/core_api/datamodels/xcom.py"", ""airflow-core/src/airflow/api_fastapi/core_api/openapi/__init__.py"", ""airflow-core/src/airflow/api_fastapi/core_api/openapi/exceptions.py"", ""airflow-core/src/airflow/api_fastapi/core_api/routes/__init__.py"", ""airflow-core/src/airflow/api_fastapi/core_api/routes/public/__init__.py"", ""airflow-core/src/airflow/api_fastapi/core_api/routes/public/asset_state_store.py"", ""airflow-core/src/airflow/api_fastapi/core_api/routes/public/assets.py"", ""airflow-core/src/airflow/api_fastapi/core_api/routes/public/auth.py"", ""airflow-core/src/airflow/api_fastapi/core_api/routes/public/backfills.py"", ""airflow-core/src/airflow/api_fastapi/core_api/routes/public/config.py""]",[],False
adaptive_hybrid_graphrag,code_retrieval-013,results\final_evaluation\adaptive_hybrid_graphrag_results.csv,1.0,0,[],"[""airflow-core/docs/administration-and-deployment/pools.rst"", ""airflow-core/docs/administration-and-deployment/scheduler.rst"", ""airflow-core/docs/administration-and-deployment/task-and-asset-state-store-cleanup.rst"", ""airflow-core/docs/authoring-and-scheduling/cron.rst"", ""airflow-core/docs/authoring-and-scheduling/deferring.rst"", ""airflow-core/docs/authoring-and-scheduling/language-sdks/index.rst"", ""airflow-core/docs/authoring-and-scheduling/timetable.rst"", ""airflow-core/docs/authoring-and-scheduling/timezone.rst"", ""airflow-core/docs/core-concepts/dag-run.rst"", ""airflow-core/docs/core-concepts/sensors.rst"", ""airflow-core/docs/core-concepts/task-state-store.rst"", ""airflow-core/docs/core-concepts/tasks.rst"", ""airflow-core/docs/faq.rst"", ""airflow-core/docs/howto/deadline-alerts.rst"", ""airflow-core/docs/howto/sla-to-deadlines.rst"", ""airflow-core/docs/howto/timetable.rst"", ""airflow-core/docs/templates-ref.rst"", ""airflow-core/docs/tutorial/pipeline.rst"", ""airflow-core/newsfragments/69143.bugfix.rst"", ""airflow-core/src/airflow/api_fastapi/common/types.py"", ""airflow-core/src/airflow/api_fastapi/core_api/datamodels/dags.py"", ""airflow-core/src/airflow/api_fastapi/core_api/routes/public/task_state_store.py"", ""airflow-core/src/airflow/api_fastapi/execution_api/datamodels/taskinstance.py"", ""airflow-core/src/airflow/api_fastapi/execution_api/versions/v2026_04_06.py"", ""airflow-core/src/airflow/dag_processing/bundles/base.py"", ""airflow-core/src/airflow/dag_processing/dagbag.py"", ""airflow-core/src/airflow/dag_processing/manager.py"", ""airflow-core/src/airflow/example_dags/example_custom_weight.py"", ""airflow-core/src/airflow/example_dags/example_latest_only_with_trigger.py"", ""airflow-core/src/airflow/example_dags/example_passing_params_via_test_command.py"", ""airflow-core/src/airflow/example_dags/example_retry_policy.py"", ""airflow-core/src/airflow/example_dags/example_skip_dag.py"", ""airflow-core/src/airflow/example_dags/example_task_state_store.py"", ""airflow-core/src/airflow/example_dags/example_time_delta_sensor_async.py"", ""airflow-core/src/airflow/example_dags/plugins/business_day_window.py"", ""airflow-core/src/airflow/example_dags/plugins/workday.py"", ""airflow-core/src/airflow/example_dags/tutorial.py"", ""airflow-core/src/airflow/migrations/versions/0117_3_3_0_change_deadline_interval_to_json.py"", ""airflow-core/src/airflow/models/dag.py"", ""airflow-core/src/airflow/models/deadline.py"", ""airflow-core/src/airflow/models/deadline_alert.py"", ""airflow-core/src/airflow/models/serialized_dag.py"", ""airflow-core/src/airflow/models/taskinstance.py"", ""airflow-core/src/airflow/models/trigger.py"", ""airflow-core/src/airflow/partition_mappers/temporal.py"", ""airflow-core/src/airflow/partition_mappers/window.py"", ""airflow-core/src/airflow/sensors/__init__.py"", ""airflow-core/src/airflow/serialization/decoders.py"", ""airflow-core/src/airflow/serialization/definitions/baseoperator.py"", ""airflow-core/src/airflow/serialization/definitions/dag.py"", ""airflow-core/src/airflow/serialization/definitions/deadline.py"", ""airflow-core/src/airflow/serialization/definitions/mappedoperator.py"", ""airflow-core/src/airflow/serialization/enums.py"", ""airflow-core/src/airflow/serialization/schema.json"", ""airflow-core/src/airflow/serialization/serialized_objects.py"", ""airflow-core/src/airflow/timetables/_cron.py"", ""airflow-core/src/airflow/timetables/_delta.py"", ""airflow-core/src/airflow/timetables/interval.py"", ""airflow-core/src/airflow/timetables/simple.py"", ""airflow-core/src/airflow/timetables/trigger.py"", ""airflow-core/src/airflow/triggers/base.py"", ""airflow-core/tests/unit/api_fastapi/auth/test_tokens.py"", ""airflow-core/tests/unit/api_fastapi/conftest.py"", ""airflow-core/tests/unit/api_fastapi/core_api/datamodels/test_dags.py"", ""airflow-core/tests/unit/api_fastapi/core_api/routes/public/test_assets.py"", ""airflow-core/tests/unit/api_fastapi/core_api/routes/public/test_backfills.py"", ""airflow-core/tests/unit/api_fastapi/core_api/routes/public/test_dag_stats.py"", ""airflow-core/tests/unit/api_fastapi/core_api/routes/public/test_dags.py"", ""airflow-core/tests/unit/api_fastapi/core_api/routes/public/test_hitl.py"", ""airflow-core/tests/unit/api_fastapi/core_api/routes/public/test_monitor.py"", ""airflow-core/tests/unit/api_fastapi/core_api/routes/ui/test_dashboard.py"", ""airflow-core/tests/unit/api_fastapi/core_api/routes/ui/test_grid.py"", ""airflow-core/tests/unit/cli/commands/test_dag_command.py"", ""airflow-core/tests/unit/cluster_policies/__init__.py"", ""airflow-core/tests/unit/core/test_core.py"", ""airflow-core/tests/unit/core/test_example_dags_system.py"", ""airflow-core/tests/unit/dag_processing/bundles/test_base.py"", ""airflow-core/tests/unit/dag_processing/test_collection.py"", ""airflow-core/tests/unit/dag_processing/test_dagbag.py"", ""airflow-core/tests/unit/dags/test_cli_triggered_dags.py"", ""airflow-core/tests/unit/dags/test_dag_for_db_queries_counter.py"", ""airflow-core/tests/unit/dags/test_dag_version_inflation_check.py"", ""airflow-core/tests/unit/dags/test_dag_xcom_openlineage.py"", ""airflow-core/tests/unit/dags/test_example_bash_operator.py"", ""airflow-core/tests/unit/dags/test_failing.py"", ""airflow-core/tests/unit/dags/test_future_start_date.py"", ""airflow-core/tests/unit/dags/test_miscellaneous.py"", ""airflow-core/tests/unit/dags/test_missing_owner.py"", ""airflow-core/tests/unit/dags/test_multiple_dags.py"", ""airflow-core/tests/unit/dags/test_scheduler_dags.py"", ""airflow-core/tests/unit/dags/test_sensor.py"", ""airflow-core/tests/unit/dags/test_with_non_default_owner.py"", ""airflow-core/tests/unit/dags_corrupted/test_impersonation_custom.py"", ""airflow-core/tests/unit/dags_corrupted/test_nonstring_owner.py"", ""airflow-core/tests/unit/dags_with_system_exit/a_system_exit.py"", ""airflow-core/tests/unit/dags_with_system_exit/b_test_scheduler_dags.py"", ""airflow-core/tests/unit/dags_with_system_exit/c_system_exit.py"", ""airflow-core/tests/unit/executors/test_base_executor.py"", ""airflow-core/tests/unit/jobs/test_base_job.py""]",[],False
adaptive_hybrid_graphrag,developer_activity-027,results\final_evaluation\adaptive_hybrid_graphrag_results.csv,1.0,0,[],"[""17470a281415c9e68e9c7881229716f0572fdf39"", ""20ce3d49e8d77d8ccabf4916148f52f93879abfa"", ""6491f0b0c08882b64303ec8d6f8bd3c464246b9a"", ""739ac7e54626f8cbcacd10ebf46a184c06a4217b"", ""7452e193c68ebaeecd46f322f333dc7e41de15af"", ""753a45d0ddcd8f34b5d8d9e74a22934281065734"", ""8843ea00777a700cb88d73ade488d885d4f6f3a8"", ""aa7062d882df29c73663ae707cfff1b71f430ed8"", ""cc91f50e52304f4ee340ad6616db812c4e796f6a"", ""ce27bed0928a823b388ed411e30bc56280183119"", ""cf65724995c1d5ddf60a038a7948f19af9902780"", ""e2f18353e1ed394ff8c684e3effc5439663809a2"", ""eb2c12942eb54857a572de80cfb18accb623b4bf"", ""ee3269b0d126056f3c8d63556ac6037aa1315c67"", ""f472341296771a12855f7042da76fce4e3410fd9"", ""ff26ac36a03c59c5caad61a1af6b8d0f94d80934""]","[""unexpected_commit:cf65724995c1d5ddf60a038a7948f19af9902780"", ""unexpected_commit:ff26ac36a03c59c5caad61a1af6b8d0f94d80934"", ""unexpected_commit:7452e193c68ebaeecd46f322f333dc7e41de15af"", ""unexpected_commit:aa7062d882df29c73663ae707cfff1b71f430ed8"", ""unexpected_commit:17470a281415c9e68e9c7881229716f0572fdf39"", ""unexpected_commit:739ac7e54626f8cbcacd10ebf46a184c06a4217b"", ""unexpected_commit:753a45d0ddcd8f34b5d8d9e74a22934281065734"", ""unexpected_commit:f472341296771a12855f7042da76fce4e3410fd9"", ""unexpected_commit:ce27bed0928a823b388ed411e30bc56280183119"", ""unexpected_commit:e2f18353e1ed394ff8c684e3effc5439663809a2"", ""unexpected_commit:20ce3d49e8d77d8ccabf4916148f52f93879abfa"", ""unexpected_commit:8843ea00777a700cb88d73ade488d885d4f6f3a8"", ""unexpected_commit:6491f0b0c08882b64303ec8d6f8bd3c464246b9a"", ""unexpected_commit:ee3269b0d126056f3c8d63556ac6037aa1315c67"", ""unexpected_commit:cc91f50e52304f4ee340ad6616db812c4e796f6a"", ""unexpected_commit:eb2c12942eb54857a572de80cfb18accb623b4bf""]",False
adaptive_hybrid_graphrag,developer_activity-008,results\final_evaluation\adaptive_hybrid_graphrag_results.csv,1.0,0,[],"[""090136418a5e2d939ee4fe09e9be74757f497bb8"", ""098cfb60b6de7d75d9c2d39f6b2ee23b8b6ead43"", ""24ea3e9916d08cd2034f4f97d4af844ebf7c2bae"", ""2742ccbd4a0a3ee72b1fde500c093a9da41322ce"", ""556824d7c7f31405deb6ba7bc066cf957eed0be5"", ""75504b859f8abbbe7cc05324b7842e4a71d90d4f"", ""775e85dd1716c8c3da53722a645f2cd51bdf4abc"", ""7ff5e857fdb41a9f3e012c56390c2baa1f8b0f3e"", ""9106b8383489c4db969feb0198c6dd81f6f96ea1"", ""cc199a7a1581f76403d7c88b420caa452cd4f595"", ""d4fc5b036bbd851dab9fabe4460c9578c7ff2da0"", ""d5cf15107a3dc797354e5d3c353a846f377a64a1"", ""d8014ae193f5190625a338c4d7faf095ddcd65bd"", ""e7a6c22ef05ba86c57477b3971818459c471f6e6"", ""f09d67cc1c216b445d01f1893f37ff391bb3b4b7""]","[""unexpected_commit:090136418a5e2d939ee4fe09e9be74757f497bb8"", ""unexpected_commit:d4fc5b036bbd851dab9fabe4460c9578c7ff2da0"", ""unexpected_commit:75504b859f8abbbe7cc05324b7842e4a71d90d4f"", ""unexpected_commit:9106b8383489c4db969feb0198c6dd81f6f96ea1"", ""unexpected_commit:2742ccbd4a0a3ee72b1fde500c093a9da41322ce"", ""unexpected_commit:cc199a7a1581f76403d7c88b420caa452cd4f595"", ""unexpected_commit:775e85dd1716c8c3da53722a645f2cd51bdf4abc"", ""unexpected_commit:24ea3e9916d08cd2034f4f97d4af844ebf7c2bae"", ""unexpected_commit:098cfb60b6de7d75d9c2d39f6b2ee23b8b6ead43"", ""unexpected_commit:d8014ae193f5190625a338c4d7faf095ddcd65bd"", ""unexpected_commit:e7a6c22ef05ba86c57477b3971818459c471f6e6"", ""unexpected_commit:d5cf15107a3dc797354e5d3c353a846f377a64a1"", ""unexpected_commit:556824d7c7f31405deb6ba7bc066cf957eed0be5"", ""unexpected_commit:7ff5e857fdb41a9f3e012c56390c2baa1f8b0f3e"", ""unexpected_commit:f09d67cc1c216b445d01f1893f37ff391bb3b4b7""]",False
adaptive_hybrid_graphrag,multi_hop-048,results\final_evaluation\adaptive_hybrid_graphrag_results.csv,1.0,0,[],"[""mlflow/server/js/src/components/LoadMoreBar.js"", ""mlflow/server/js/src/components/LoadMoreBar.test.js"", ""mlflow/server/js/src/components/MetricView.css"", ""mlflow/server/js/src/components/MetricView.js"", ""mlflow/server/js/src/components/MetricsPlotControls.js"", ""mlflow/server/js/src/components/MetricsPlotControls.test.js"", ""mlflow/server/js/src/components/MetricsPlotPanel.js"", ""mlflow/server/js/src/components/MetricsPlotPanel.test.js"", ""mlflow/server/js/src/components/MetricsPlotView.js"", ""mlflow/server/js/src/components/MetricsPlotView.test.js"", ""mlflow/server/js/src/components/ParallelCoordinatesPlotControls.js"", ""mlflow/server/js/src/components/ParallelCoordinatesPlotControls.test.js"", ""mlflow/server/js/src/components/ParallelCoordinatesPlotPanel.css"", ""mlflow/server/js/src/components/ParallelCoordinatesPlotPanel.js"", ""mlflow/server/js/src/components/ParallelCoordinatesPlotPanel.test.js"", ""mlflow/server/js/src/components/ParallelCoordinatesPlotView.js"", ""mlflow/server/js/src/components/ParallelCoordinatesPlotView.test.js"", ""mlflow/server/js/src/components/RunView.js"", ""mlflow/server/js/src/components/tables/EditableFormTable.css"", ""mlflow/server/js/src/components/tables/EditableFormTable.js"", ""mlflow/server/js/src/components/tables/EditableFormTable.test.js"", ""mlflow/server/js/src/index.css"", ""mlflow/server/js/src/reducers/MetricReducer.js"", ""mlflow/server/js/src/reducers/Reducers.js"", ""mlflow/server/js/src/sdk/MlflowLocalStorageMessages.js"", ""mlflow/server/js/src/sdk/MlflowMessages.js"", ""mlflow/server/js/src/setupTests.js"", ""mlflow/server/js/src/utils/Utils.js"", ""mlflow/server/js/src/utils/Utils.test.js""]",[],False
adaptive_hybrid_graphrag,multi_hop-014,results\final_evaluation\adaptive_hybrid_graphrag_results.csv,1.0,0,[],"[""src/eShop.ServiceDefaults/AuthenticationExtensions.cs"", ""src/eShop.ServiceDefaults/AuthorizeCheckOperationFilter.cs"", ""src/eShop.ServiceDefaults/Extensions.cs"", ""src/eShop.ServiceDefaults/HttpClientAuthorizationDelegatingHandler.cs"", ""src/eShop.ServiceDefaults/HttpClientExtensions.cs"", ""src/eShop.ServiceDefaults/JsonDefaults.cs"", ""src/eShop.ServiceDefaults/OpenApi.Extensions.cs""]",[],False
fixed_graph_rag,developer_activity-004,results\final_evaluation\fixed_graph_rag_results.csv,1.0,0,[],"[""00196d3d007f42d48b07033fd2cf496162d6cf1f"", ""07e0e106d5cccb909664df8c61a221450557c69e"", ""08fbe11b60e485015b8c5696d5b7692860d15216"", ""110d666b4f30fcea6f5fa2848784bfb8985a2402"", ""126a6dd4d24687e7ac2b5d00c1039d3010576bd8"", ""12b39d5ab506167a1bda13807f17732bf18f921e"", ""134d51287f5fd13f1b5e86986f8125f48d3407a6"", ""1446fe22407e11affd1a4fd027708298d7a2e3c0"", ""150ef01d8794bd42677c971b051e12463333c184"", ""1b66425f0c2c24e6be44ecbbee77ffb6ffa9ceb1"", ""1da85da22e1e306e584b4e5558071cd258f74df7"", ""1eb5f6ebfeb654a33f4f1e7b0ac3a4c6d9d5bd70"", ""1ef4446a1cabc116e72760a1153ef5bc22920c94"", ""20cabc6f0ca322da373b7ce56ec6ce5c16199e17"", ""2527a335aceb72b0b155bb588c0b3039f6380cf3"", ""256c3f02d5ae800af841cdc3950cbf417448def1"", ""259f0d161544b424a5dfb33c665da5d6b9165d96"", ""2a5499fb1f8d2e556fcf4f07fb771cec32c397c4"", ""2b4598c2ab7c57392f01a930fca6139d02fe5dec"", ""2d56b6c67e7a425f2ad954cc6b79cf5e8e32783b"", ""2dc75fa4c01d53d3d8eece05f3c0ab4e86f71cf8"", ""2e964d89e800a048c7eee51438f8aabee9593678"", ""2fc8eae65898bec051055e4d79e73e70834f202d"", ""30ea72ca30767639f87571529419a8e2cebc9417"", ""31c8b1f63a24e07cf6752c41718ab82bad659110"", ""39531d24b08af3b2abae2701637c01d0bf56a536"", ""398c515d99f0325419309887773bcd07b7a749e8"", ""406d31ca17bfb45945402ac266e0b88b7c0889a6"", ""447bb088b87c9ad5d9f5747e95ba011f3e29982c"", ""490564606d7214bef9d3672a6e24873d552c4ea0"", ""4a57f276f01bcca2136fc17dd97864b2f98e8d87"", ""51d2f688a1fcb91bd7d751164efac806297d14a1"", ""52dedae024855bb4017b6426b0ed735d64f9db32"", ""59fa310b1270d7f85861d887efd9f2346dc9090b"", ""60f212a0893365f98cfc153b40a6ba898842c78c"", ""60f35c3aeca6206233eec8c3371c797824a9f2f8"", ""62ad66ebb17c6be946635cc459542130be545ce8"", ""62afdc81f096e5b8726102f195518b5caf988c1d"", ""65c5f0ae29770ced643b11b85243b27fbeca90e5"", ""6765012c55cbfa47b98c5977b1f41dba96aeb535"", ""72bc01db647cd8a0e4c3e39e70e4edaef84422e4"", ""73b55207b5c38e1ea0a4dd3a4645df5f5a86f841"", ""7447a609019f392d13f18dc782c88916f0e8315d"", ""80c7a048b5f0c84d33b0007ccdd6ac4fbd8a7ae6"", ""81ab8fbc7fc8223a78334fc36e8729bbd55782ef"", ""827082307abba48cb8c706fc7c40a627c63feb84"", ""84dcc17cf2a4dcbf20c893bc3f0fd8f7f5befc96"", ""864152b6b1bf8a364f239b88184d8a84a81e66b0"", ""86a797f971ff635d3b7408e3c0f4a494b1316a2d"", ""8a78712facaac54ba9cf7c677fa11f8b8efbb00d"", ""8da2a647be10d8a33d8d7d0eabfacad5c2543221"", ""9210c1b76c5a4ff752b29d7f212d474d8be38741"", ""948227821b16001e83a18b15d1d2a3f901396498"", ""9a0031fab2b3b1c3528bb561032d5b080b81778c"", ""9abfd10cf83ca280231875a84e810a0fd2c2cdc9"", ""9c3606886be1c050f4dbe68583836654b1653b87"", ""9f7cae14dfbf0200786cf6ecf5aa50a9eae1c0d8"", ""a6f42ab4b805c09694892c30a847ac868d912e0e"", ""a732c401ae64d951242ff07cb2f45817e1f112b1"", ""b05f8f47aabb05dfc8fd38b9f2a9ad8bff29e1eb"", ""b0d35a0fb7b969c0b0e19f1077a23489ec969bb0"", ""b176105d28dbd169903722ef267fcd3871fa399a"", ""b235411b5c249e78f19b0e80a6ba9bfeb6ba36da"", ""b47ec000344fbda3badc677347ff132954a5e00d"", ""ba6be5106d4169fa7614fa456122397cee00f6d5"", ""bfa3d7ae9f78ca5e51fb03033022ce8f3dea526c"", ""c11650c147ee9c61ad49fef62b7f332f10d086a1"", ""c94ea1f9e3f28a2d3c2334fa1684050d434c39ce"", ""cb4613a27d32bf09aaaee7ca3d5da44e24a7a5f0"", ""cc44e4df685a2c14f9f4ceec00f95df3569eed22"", ""cefdb1a7b941e9a2ebceefff8f0a9f430a2dce6b"", ""d0f0181c85bd7521953d61940ade39225d45b40a"", ""d915e49bdad2a261d07328c66fb60b9af482ded7"", ""db23691e0ce182a0a2593a139a6d172888fcf25e"", ""e1893242f5b2c3b7fdaab30d4317f11f7bc40fc5"", ""e84be5db32efb34049b86d9f5860e5c3228a0834"", ""ec7422334bd2d6aa4a12d4dff2abbc4eb8a1edf1"", ""ef2a3eadf6ab86057bc75e3befff2d4e20b8d0da"", ""ef39030200318cc31cf2902231b5b03b66f54bb7"", ""fe041aefa812082db8b85f5fa07f62ef18f71544""]","[""unexpected_commit:1b66425f0c2c24e6be44ecbbee77ffb6ffa9ceb1"", ""unexpected_commit:d0f0181c85bd7521953d61940ade39225d45b40a"", ""unexpected_commit:827082307abba48cb8c706fc7c40a627c63feb84"", ""unexpected_commit:60f212a0893365f98cfc153b40a6ba898842c78c"", ""unexpected_commit:ef2a3eadf6ab86057bc75e3befff2d4e20b8d0da"", ""unexpected_commit:59fa310b1270d7f85861d887efd9f2346dc9090b"", ""unexpected_commit:cb4613a27d32bf09aaaee7ca3d5da44e24a7a5f0"", ""unexpected_commit:948227821b16001e83a18b15d1d2a3f901396498"", ""unexpected_commit:490564606d7214bef9d3672a6e24873d552c4ea0"", ""unexpected_commit:ef39030200318cc31cf2902231b5b03b66f54bb7"", ""unexpected_commit:db23691e0ce182a0a2593a139a6d172888fcf25e"", ""unexpected_commit:134d51287f5fd13f1b5e86986f8125f48d3407a6"", ""unexpected_commit:7447a609019f392d13f18dc782c88916f0e8315d"", ""unexpected_commit:20cabc6f0ca322da373b7ce56ec6ce5c16199e17"", ""unexpected_commit:256c3f02d5ae800af841cdc3950cbf417448def1"", ""unexpected_commit:51d2f688a1fcb91bd7d751164efac806297d14a1"", ""unexpected_commit:e1893242f5b2c3b7fdaab30d4317f11f7bc40fc5"", ""unexpected_commit:60f35c3aeca6206233eec8c3371c797824a9f2f8"", ""unexpected_commit:2fc8eae65898bec051055e4d79e73e70834f202d"", ""unexpected_commit:150ef01d8794bd42677c971b051e12463333c184"", ""unexpected_commit:864152b6b1bf8a364f239b88184d8a84a81e66b0"", ""unexpected_commit:9210c1b76c5a4ff752b29d7f212d474d8be38741"", ""unexpected_commit:8da2a647be10d8a33d8d7d0eabfacad5c2543221"", ""unexpected_commit:1da85da22e1e306e584b4e5558071cd258f74df7"", ""unexpected_commit:bfa3d7ae9f78ca5e51fb03033022ce8f3dea526c"", ""unexpected_commit:fe041aefa812082db8b85f5fa07f62ef18f71544"", ""unexpected_commit:447bb088b87c9ad5d9f5747e95ba011f3e29982c"", ""unexpected_commit:39531d24b08af3b2abae2701637c01d0bf56a536"", ""unexpected_commit:86a797f971ff635d3b7408e3c0f4a494b1316a2d"", ""unexpected_commit:110d666b4f30fcea6f5fa2848784bfb8985a2402"", ""unexpected_commit:1eb5f6ebfeb654a33f4f1e7b0ac3a4c6d9d5bd70"", ""unexpected_commit:a732c401ae64d951242ff07cb2f45817e1f112b1"", ""unexpected_commit:2e964d89e800a048c7eee51438f8aabee9593678"", ""unexpected_commit:31c8b1f63a24e07cf6752c41718ab82bad659110"", ""unexpected_commit:08fbe11b60e485015b8c5696d5b7692860d15216"", ""unexpected_commit:ec7422334bd2d6aa4a12d4dff2abbc4eb8a1edf1"", ""unexpected_commit:b176105d28dbd169903722ef267fcd3871fa399a"", ""unexpected_commit:2a5499fb1f8d2e556fcf4f07fb771cec32c397c4"", ""unexpected_commit:1446fe22407e11affd1a4fd027708298d7a2e3c0"", ""unexpected_commit:9abfd10cf83ca280231875a84e810a0fd2c2cdc9"", ""unexpected_commit:b235411b5c249e78f19b0e80a6ba9bfeb6ba36da"", ""unexpected_commit:406d31ca17bfb45945402ac266e0b88b7c0889a6"", ""unexpected_commit:00196d3d007f42d48b07033fd2cf496162d6cf1f"", ""unexpected_commit:72bc01db647cd8a0e4c3e39e70e4edaef84422e4"", ""unexpected_commit:30ea72ca30767639f87571529419a8e2cebc9417"", ""unexpected_commit:65c5f0ae29770ced643b11b85243b27fbeca90e5"", ""unexpected_commit:d915e49bdad2a261d07328c66fb60b9af482ded7"", ""unexpected_commit:259f0d161544b424a5dfb33c665da5d6b9165d96"", ""unexpected_commit:1ef4446a1cabc116e72760a1153ef5bc22920c94"", ""unexpected_commit:62afdc81f096e5b8726102f195518b5caf988c1d"", ""unexpected_commit:ba6be5106d4169fa7614fa456122397cee00f6d5"", ""unexpected_commit:07e0e106d5cccb909664df8c61a221450557c69e"", ""unexpected_commit:8a78712facaac54ba9cf7c677fa11f8b8efbb00d"", ""unexpected_commit:81ab8fbc7fc8223a78334fc36e8729bbd55782ef"", ""unexpected_commit:4a57f276f01bcca2136fc17dd97864b2f98e8d87"", ""unexpected_commit:84dcc17cf2a4dcbf20c893bc3f0fd8f7f5befc96"", ""unexpected_commit:126a6dd4d24687e7ac2b5d00c1039d3010576bd8"", ""unexpected_commit:2527a335aceb72b0b155bb588c0b3039f6380cf3"", ""unexpected_commit:80c7a048b5f0c84d33b0007ccdd6ac4fbd8a7ae6"", ""unexpected_commit:52dedae024855bb4017b6426b0ed735d64f9db32"", ""unexpected_commit:9a0031fab2b3b1c3528bb561032d5b080b81778c"", ""unexpected_commit:e84be5db32efb34049b86d9f5860e5c3228a0834"", ""unexpected_commit:b0d35a0fb7b969c0b0e19f1077a23489ec969bb0"", ""unexpected_commit:6765012c55cbfa47b98c5977b1f41dba96aeb535"", ""unexpected_commit:9c3606886be1c050f4dbe68583836654b1653b87"", ""unexpected_commit:cc44e4df685a2c14f9f4ceec00f95df3569eed22"", ""unexpected_commit:b47ec000344fbda3badc677347ff132954a5e00d"", ""unexpected_commit:b05f8f47aabb05dfc8fd38b9f2a9ad8bff29e1eb"", ""unexpected_commit:9f7cae14dfbf0200786cf6ecf5aa50a9eae1c0d8"", ""unexpected_commit:a6f42ab4b805c09694892c30a847ac868d912e0e"", ""unexpected_commit:73b55207b5c38e1ea0a4dd3a4645df5f5a86f841"", ""unexpected_commit:cefdb1a7b941e9a2ebceefff8f0a9f430a2dce6b"", ""unexpected_commit:c94ea1f9e3f28a2d3c2334fa1684050d434c39ce"", ""unexpected_commit:12b39d5ab506167a1bda13807f17732bf18f921e"", ""unexpected_commit:2b4598c2ab7c57392f01a930fca6139d02fe5dec"", ""unexpected_commit:c11650c147ee9c61ad49fef62b7f332f10d086a1"", ""unexpected_commit:2d56b6c67e7a425f2ad954cc6b79cf5e8e32783b"", ""unexpected_commit:2dc75fa4c01d53d3d8eece05f3c0ab4e86f71cf8"", ""unexpected_commit:62ad66ebb17c6be946635cc459542130be545ce8"", ""unexpected_commit:398c515d99f0325419309887773bcd07b7a749e8""]",False
fixed_graph_rag,structure-002,results\final_evaluation\fixed_graph_rag_results.csv,1.0,0,[],"[""airflow-core/docs/core-concepts/task-and-asset-state-store.rst"", ""airflow-core/docs/core-concepts/task-state-store.rst"", ""airflow-core/docs/core-concepts/taskflow.rst"", ""airflow-core/docs/core-concepts/tasks.rst"", ""airflow-core/docs/core-concepts/variables.rst"", ""airflow-core/docs/core-concepts/xcoms.rst""]",[],False
fixed_graph_rag,code_retrieval-003,results\final_evaluation\fixed_graph_rag_results.csv,1.0,0,[],"[""airflow-core/src/airflow/api_fastapi/core_api/services/public/task_instances.py"", ""airflow-core/src/airflow/configuration.py"", ""airflow-core/src/airflow/utils/orm_event_handlers.py"", ""devel-common/src/tests_common/test_utils/perf/perf_kit/sqlalchemy.py"", ""java-sdk/adr/0003-pure-java-dags.md"", ""java-sdk/sdk/src/main/kotlin/org/apache/airflow/sdk/execution/Client.kt"", ""java-sdk/sdk/src/main/kotlin/org/apache/airflow/sdk/execution/Frame.kt"", ""java-sdk/sdk/src/test/kotlin/org/apache/airflow/sdk/ClientTest.kt"", ""java-sdk/sdk/src/test/kotlin/org/apache/airflow/sdk/ContextTest.kt"", ""java-sdk/sdk/src/test/kotlin/org/apache/airflow/sdk/execution/TaskTest.kt"", ""providers/alibaba/src/airflow/providers/alibaba/cloud/hooks/oss.py"", ""providers/common/sql/src/airflow/providers/common/sql/operators/sql.py"", ""providers/fab/src/airflow/providers/fab/auth_manager/api_fastapi/routes/login.py"", ""providers/fab/src/airflow/providers/fab/auth_manager/api_fastapi/services/users.py"", ""providers/fab/src/airflow/providers/fab/www/extensions/init_appbuilder.py"", ""providers/fab/src/airflow/providers/fab/www/static/js/main.js"", ""providers/google/src/airflow/providers/google/cloud/hooks/kubernetes_engine.py"", ""scripts/ci/analyze_ci_job_durations.py"", ""scripts/ci/prek/check_metrics_synced_with_the_registry.py"", ""shared/listeners/src/airflow_shared/listeners/listener.py""]",[],False
fixed_graph_rag,code_retrieval-005,results\final_evaluation\fixed_graph_rag_results.csv,1.0,0,[],"[""airflow-core/src/airflow/ui/src/components/AssetExpression/AssetNode.tsx"", ""airflow-core/src/airflow/ui/src/components/Banner/BackfillBanner.tsx"", ""airflow-core/src/airflow/ui/src/components/BreadcrumbStats.tsx"", ""airflow-core/src/airflow/ui/src/components/DagActions/FavoriteDagButton.tsx"", ""airflow-core/src/airflow/ui/src/components/DagRunInfo.tsx"", ""airflow-core/src/airflow/ui/src/components/DagVersion.tsx"", ""airflow-core/src/airflow/ui/src/components/FlexibleForm/FlexibleForm.tsx"", ""airflow-core/src/airflow/ui/src/components/Graph/TaskNode.tsx"", ""airflow-core/src/airflow/ui/src/components/MarkdownModal.tsx"", ""airflow-core/src/airflow/ui/src/components/NeedsReviewButton.tsx"", ""airflow-core/src/airflow/ui/src/components/PresetFiltersMenu.tsx"", ""airflow-core/src/airflow/ui/src/components/SearchBar.tsx"", ""airflow-core/src/airflow/ui/src/components/StateBadge.tsx"", ""airflow-core/src/airflow/ui/src/components/StatsCard.tsx"", ""airflow-core/src/airflow/ui/src/components/TaskName.tsx"", ""airflow-core/src/airflow/ui/src/components/ui/Checkbox.tsx"", ""airflow-core/src/airflow/ui/src/components/ui/Clipboard.tsx"", ""airflow-core/src/airflow/ui/src/components/ui/LazyClipboard.tsx"", ""airflow-core/src/airflow/ui/src/components/ui/RadioCard.tsx"", ""airflow-core/src/airflow/ui/src/components/ui/Toaster/Toaster.tsx"", ""airflow-core/src/airflow/ui/src/layouts/BaseLayout.tsx"", ""airflow-core/src/airflow/ui/src/layouts/Details/DetailsLayout.tsx"", ""airflow-core/src/airflow/ui/src/layouts/Details/Grid/Bar.tsx"", ""airflow-core/src/airflow/ui/src/layouts/Details/PanelButtons.tsx"", ""airflow-core/src/airflow/ui/src/layouts/Nav/NavButton.tsx"", ""airflow-core/src/airflow/ui/src/pages/Asset/Header.tsx"", ""airflow-core/src/airflow/ui/src/pages/AssetsList/AssetsList.tsx"", ""airflow-core/src/airflow/ui/src/pages/Connections/ConnectionStandardFields.tsx"", ""airflow-core/src/airflow/ui/src/pages/Connections/Connections.tsx"", ""airflow-core/src/airflow/ui/src/pages/Dag/Calendar/CalendarCell.tsx"", ""airflow-core/src/airflow/ui/src/pages/Dag/DeadlineAlertsBadge.tsx"", ""airflow-core/src/airflow/ui/src/pages/Dag/Header.tsx"", ""airflow-core/src/airflow/ui/src/pages/Dag/Overview/AllDeadlinesModal.tsx"", ""airflow-core/src/airflow/ui/src/pages/Dag/Overview/DagDeadlines.tsx"", ""airflow-core/src/airflow/ui/src/pages/Dag/Overview/DeadlineRow.tsx"", ""airflow-core/src/airflow/ui/src/pages/Dag/Overview/Overview.tsx"", ""airflow-core/src/airflow/ui/src/pages/DagRuns/DagRuns.tsx"", ""airflow-core/src/airflow/ui/src/pages/DagsList/DagsFilters/RunStateSelect.tsx"", ""airflow-core/src/airflow/ui/src/pages/DagsList/DagsList.tsx"", ""airflow-core/src/airflow/ui/src/pages/Dashboard/Deadlines/DeadlineSection.tsx"", ""airflow-core/src/airflow/ui/src/pages/Dashboard/Stats/DagImportErrors.tsx"", ""airflow-core/src/airflow/ui/src/pages/Dashboard/Stats/PluginImportErrors.tsx"", ""airflow-core/src/airflow/ui/src/pages/Dashboard/Stats/Stats.tsx"", ""airflow-core/src/airflow/ui/src/pages/Deadlines/index.tsx"", ""airflow-core/src/airflow/ui/src/pages/GroupTaskInstance/GroupTaskInstance.tsx"", ""airflow-core/src/airflow/ui/src/pages/GroupTaskInstance/Header.tsx"", ""airflow-core/src/airflow/ui/src/pages/HITLTaskInstances/HITLTaskInstances.tsx"", ""airflow-core/src/airflow/ui/src/pages/Jobs.tsx"", ""airflow-core/src/airflow/ui/src/pages/MappedTaskInstance/Header.tsx"", ""airflow-core/src/airflow/ui/src/pages/MappedTaskInstance/MappedTaskInstance.tsx"", ""airflow-core/src/airflow/ui/src/pages/Plugins.tsx"", ""airflow-core/src/airflow/ui/src/pages/Pools/PoolBarCard.tsx"", ""airflow-core/src/airflow/ui/src/pages/Providers.tsx"", ""airflow-core/src/airflow/ui/src/pages/ReactPlugin.tsx"", ""airflow-core/src/airflow/ui/src/pages/Run/DeadlineStatus.tsx"", ""airflow-core/src/airflow/ui/src/pages/Run/DeadlineStatusModal.tsx"", ""airflow-core/src/airflow/ui/src/pages/Run/Details.tsx"", ""airflow-core/src/airflow/ui/src/pages/Run/Header.tsx"", ""airflow-core/src/airflow/ui/src/pages/Run/Run.tsx"", ""airflow-core/src/airflow/ui/src/pages/Task/GroupTaskHeader.tsx"", ""airflow-core/src/airflow/ui/src/pages/Task/Header.tsx"", ""airflow-core/src/airflow/ui/src/pages/Task/Task.tsx"", ""airflow-core/src/airflow/ui/src/pages/TaskInstance/Header.tsx"", ""airflow-core/src/airflow/ui/src/pages/TaskInstance/Logs/LogSearchInput.tsx"", ""airflow-core/src/airflow/ui/src/pages/TaskInstance/Logs/ScrollToButton.tsx"", ""airflow-core/src/airflow/ui/src/pages/TaskInstances/TaskInstances.tsx"", ""airflow-core/src/airflow/ui/src/pages/Variables/Variables.tsx"", ""providers/edge3/src/airflow/providers/edge3/plugins/www/src/components/SearchBar.tsx"", ""providers/edge3/src/airflow/providers/edge3/plugins/www/src/components/StateBadge.tsx"", ""providers/edge3/src/airflow/providers/edge3/plugins/www/src/components/WorkerStateBadge.tsx"", ""providers/edge3/src/airflow/providers/edge3/plugins/www/src/components/ui/CloseButton.tsx"", ""providers/edge3/src/airflow/providers/edge3/plugins/www/src/components/ui/toaster.tsx"", ""providers/edge3/src/airflow/providers/edge3/plugins/www/src/layouts/EdgeLayout.tsx""]",[],False
fixed_graph_rag,structure-021,results\final_evaluation\fixed_graph_rag_results.csv,1.0,0,[],"[""airflow-core/src/airflow/utils/helpers.py"", ""airflow-core/src/airflow/utils/json.py"", ""airflow-core/src/airflow/utils/log/__init__.py"", ""airflow-core/src/airflow/utils/log/action_logger.py"", ""airflow-core/src/airflow/utils/log/colored_log.py"", ""airflow-core/src/airflow/utils/log/file_processor_handler.py"", ""airflow-core/src/airflow/utils/log/file_task_handler.py"", ""airflow-core/src/airflow/utils/log/json_formatter.py"", ""airflow-core/src/airflow/utils/log/log_reader.py"", ""airflow-core/src/airflow/utils/log/log_stream_accumulator.py"", ""airflow-core/src/airflow/utils/log/logging_mixin.py"", ""airflow-core/src/airflow/utils/log/non_caching_file_handler.py"", ""airflow-core/src/airflow/utils/log/task_handler_with_custom_formatter.py"", ""airflow-core/src/airflow/utils/log/timezone_aware.py"", ""airflow-core/src/airflow/utils/memray_utils.py"", ""airflow-core/src/airflow/utils/net.py"", ""airflow-core/src/airflow/utils/operator_helpers.py"", ""airflow-core/src/airflow/utils/orm_event_handlers.py"", ""airflow-core/src/airflow/utils/platform.py"", ""airflow-core/src/airflow/utils/process_utils.py"", ""airflow-core/src/airflow/utils/providers_configuration_loader.py"", ""airflow-core/src/airflow/utils/retries.py"", ""airflow-core/src/airflow/utils/scheduler_health.py"", ""airflow-core/src/airflow/utils/serve_logs/__init__.py"", ""airflow-core/src/airflow/utils/serve_logs/core.py"", ""airflow-core/src/airflow/utils/serve_logs/log_server.py"", ""airflow-core/src/airflow/utils/session.py"", ""airflow-core/src/airflow/utils/sqlalchemy.py"", ""airflow-core/src/airflow/utils/state.py"", ""airflow-core/src/airflow/utils/strings.py"", ""airflow-core/src/airflow/utils/thread_safe_dict.py"", ""airflow-core/src/airflow/utils/types.py"", ""airflow-core/src/airflow/utils/yaml.py""]",[],False
fixed_graph_rag,structure-011,results\final_evaluation\fixed_graph_rag_results.csv,1.0,0,[],"[""airflow-core/newsfragments/61153.significant.rst"", ""airflow-core/newsfragments/61274.improvement.rst"", ""airflow-core/newsfragments/62055.significant.rst"", ""airflow-core/newsfragments/62343.feature.rst"", ""airflow-core/newsfragments/62344.feature.rst"", ""airflow-core/newsfragments/62369.significant.rst"", ""airflow-core/newsfragments/62487.significant.rst"", ""airflow-core/newsfragments/62561.bugfix.rst"", ""airflow-core/newsfragments/62964.bugfix.rst"", ""airflow-core/newsfragments/63141.bugfix.rst"", ""airflow-core/newsfragments/63205.bugfix.rst"", ""airflow-core/newsfragments/63266.bugfix.rst"", ""airflow-core/newsfragments/63296.significant.rst"", ""airflow-core/newsfragments/63312.feature.rst"", ""airflow-core/newsfragments/63365.significant.rst"", ""airflow-core/newsfragments/63452.significant.rst"", ""airflow-core/newsfragments/63664.bugfix.rst"", ""airflow-core/newsfragments/63878.bugfix.rst"", ""airflow-core/newsfragments/63884.significant.rst"", ""airflow-core/newsfragments/64067.bugfix.rst"", ""airflow-core/newsfragments/64207.significant.rst"", ""airflow-core/newsfragments/64232.feature.rst"", ""airflow-core/newsfragments/64503.bugfix.rst"", ""airflow-core/newsfragments/64552.improvement.rst"", ""airflow-core/newsfragments/64563.feature.rst"", ""airflow-core/newsfragments/64571.significant.rst"", ""airflow-core/newsfragments/64751.feature.rst"", ""airflow-core/newsfragments/64822.significant.rst"", ""airflow-core/newsfragments/65269.significant.rst"", ""airflow-core/newsfragments/65346.significant.rst"", ""airflow-core/newsfragments/65422.bugfix.rst"", ""airflow-core/newsfragments/65590.feature.rst"", ""airflow-core/newsfragments/66015.significant.rst"", ""airflow-core/newsfragments/66030.feature.rst"", ""airflow-core/newsfragments/66161.significant.rst"", ""airflow-core/newsfragments/66210.bugfix.rst"", ""airflow-core/newsfragments/66412.significant.rst"", ""airflow-core/newsfragments/66499.significant.rst"", ""airflow-core/newsfragments/66584.feature.rst"", ""airflow-core/newsfragments/66737.significant.rst"", ""airflow-core/newsfragments/66807.feature.rst"", ""airflow-core/newsfragments/66848.feature.rst"", ""airflow-core/newsfragments/67056.significant.rst"", ""airflow-core/newsfragments/67164.significant.rst"", ""airflow-core/newsfragments/67184.feature.rst"", ""airflow-core/newsfragments/67285.feature.rst"", ""airflow-core/newsfragments/67288.improvement.rst"", ""airflow-core/newsfragments/67475.feature.rst"", ""airflow-core/newsfragments/67494.significant.rst"", ""airflow-core/newsfragments/67523.feature.rst"", ""airflow-core/newsfragments/67586.significant.rst"", ""airflow-core/newsfragments/67684.bugfix.rst"", ""airflow-core/newsfragments/67688.improvement.rst"", ""airflow-core/newsfragments/67716.feature.rst"", ""airflow-core/newsfragments/67868.bugfix.rst"", ""airflow-core/newsfragments/67873.bugfix.rst"", ""airflow-core/newsfragments/67927.feature.rst"", ""airflow-core/newsfragments/68028.feature.rst"", ""airflow-core/newsfragments/68266.bugfix.rst"", ""airflow-core/newsfragments/68314.improvement.rst"", ""airflow-core/newsfragments/68496.significant.rst"", ""airflow-core/newsfragments/68548.feature.rst"", ""airflow-core/newsfragments/68741.bugfix.rst"", ""airflow-core/newsfragments/68749.bugfix.rst"", ""airflow-core/newsfragments/68791.improvement.rst"", ""airflow-core/newsfragments/68888.feature.rst"", ""airflow-core/newsfragments/69075.bugfix.rst"", ""airflow-core/newsfragments/69143.bugfix.rst"", ""airflow-core/newsfragments/continuous-optional-start-date.improvement.rst""]",[],False
fixed_graph_rag,structure-034,results\final_evaluation\fixed_graph_rag_results.csv,1.0,0,[],"[""airflow-core/src/airflow/example_dags/example_latest_only_with_trigger.py"", ""airflow-core/src/airflow/example_dags/example_local_kubernetes_executor.py"", ""airflow-core/src/airflow/example_dags/example_nested_branch_dag.py"", ""airflow-core/src/airflow/example_dags/example_outlet_event_extra.py"", ""airflow-core/src/airflow/example_dags/example_params_trigger_ui.py"", ""airflow-core/src/airflow/example_dags/example_params_ui_tutorial.py"", ""airflow-core/src/airflow/example_dags/example_passing_params_via_test_command.py"", ""airflow-core/src/airflow/example_dags/example_retry_policy.py"", ""airflow-core/src/airflow/example_dags/example_setup_teardown.py"", ""airflow-core/src/airflow/example_dags/example_setup_teardown_taskflow.py"", ""airflow-core/src/airflow/example_dags/example_simplest_dag.py"", ""airflow-core/src/airflow/example_dags/example_skip_dag.py"", ""airflow-core/src/airflow/example_dags/example_task_group.py"", ""airflow-core/src/airflow/example_dags/example_task_group_decorator.py"", ""airflow-core/src/airflow/example_dags/example_task_state_store.py"", ""airflow-core/src/airflow/example_dags/example_task_state_store_mapped.py"", ""airflow-core/src/airflow/example_dags/example_time_delta_sensor_async.py"", ""airflow-core/src/airflow/example_dags/example_trigger_target_dag.py"", ""airflow-core/src/airflow/example_dags/example_workday_timetable.py"", ""airflow-core/src/airflow/example_dags/example_xcom.py"", ""airflow-core/src/airflow/example_dags/example_xcomargs.py"", ""airflow-core/src/airflow/example_dags/libs/__init__.py"", ""airflow-core/src/airflow/example_dags/libs/helper.py"", ""airflow-core/src/airflow/example_dags/plugins/__init__.py"", ""airflow-core/src/airflow/example_dags/plugins/business_day_window.py"", ""airflow-core/src/airflow/example_dags/plugins/custom_partition_mapper.py"", ""airflow-core/src/airflow/example_dags/plugins/custom_partition_timetable.py"", ""airflow-core/src/airflow/example_dags/plugins/decreasing_priority_weight_strategy.py"", ""airflow-core/src/airflow/example_dags/plugins/event_listener.py"", ""airflow-core/src/airflow/example_dags/plugins/listener_plugin.py"", ""airflow-core/src/airflow/example_dags/plugins/workday.py"", ""airflow-core/src/airflow/example_dags/tutorial.py"", ""airflow-core/src/airflow/example_dags/tutorial_dag.py"", ""airflow-core/src/airflow/example_dags/tutorial_objectstorage.py"", ""airflow-core/src/airflow/example_dags/tutorial_taskflow_api.py"", ""airflow-core/src/airflow/example_dags/tutorial_taskflow_api_virtualenv.py"", ""airflow-core/src/airflow/example_dags/tutorial_taskflow_templates.py""]",[],False
fixed_graph_rag,structure-013,results\final_evaluation\fixed_graph_rag_results.csv,1.0,0,[],"[""airflow-core/src/airflow/ui/src/queries/useDagParams.ts"", ""airflow-core/src/airflow/ui/src/queries/useDagParsing.ts"", ""airflow-core/src/airflow/ui/src/queries/useDagRunNote.ts"", ""airflow-core/src/airflow/ui/src/queries/useDagTagsInfinite.ts"", ""airflow-core/src/airflow/ui/src/queries/useDeadlines.ts"", ""airflow-core/src/airflow/ui/src/queries/useDeleteConnection.ts"", ""airflow-core/src/airflow/ui/src/queries/useDeleteDag.ts"", ""airflow-core/src/airflow/ui/src/queries/useDeleteDagRun.ts"", ""airflow-core/src/airflow/ui/src/queries/useDeletePool.ts"", ""airflow-core/src/airflow/ui/src/queries/useDeleteTaskInstance.ts"", ""airflow-core/src/airflow/ui/src/queries/useDeleteVariable.ts"", ""airflow-core/src/airflow/ui/src/queries/useDependencyGraph.ts"", ""airflow-core/src/airflow/ui/src/queries/useEditPool.ts"", ""airflow-core/src/airflow/ui/src/queries/useEditVariable.ts"", ""airflow-core/src/airflow/ui/src/queries/useGridRuns.ts"", ""airflow-core/src/airflow/ui/src/queries/useGridStructure.ts"", ""airflow-core/src/airflow/ui/src/queries/useGridTISummaries.ts"", ""airflow-core/src/airflow/ui/src/queries/useImportVariables.ts"", ""airflow-core/src/airflow/ui/src/queries/useNoteEditor.ts"", ""airflow-core/src/airflow/ui/src/queries/useParamStore.ts"", ""airflow-core/src/airflow/ui/src/queries/usePatchDagRun.ts"", ""airflow-core/src/airflow/ui/src/queries/usePatchTaskGroup.ts"", ""airflow-core/src/airflow/ui/src/queries/usePatchTaskGroupDryRun.ts"", ""airflow-core/src/airflow/ui/src/queries/usePatchTaskInstance.ts"", ""airflow-core/src/airflow/ui/src/queries/usePatchTaskInstanceDryRun.ts"", ""airflow-core/src/airflow/ui/src/queries/useRefreshOnNewDagRuns.ts"", ""airflow-core/src/airflow/ui/src/queries/useStoreMutation.ts"", ""airflow-core/src/airflow/ui/src/queries/useTaskInstanceNote.ts"", ""airflow-core/src/airflow/ui/src/queries/useTestConnection.ts"", ""airflow-core/src/airflow/ui/src/queries/useToggleFavoriteDag.ts"", ""airflow-core/src/airflow/ui/src/queries/useTogglePause.ts"", ""airflow-core/src/airflow/ui/src/queries/useTrigger.ts"", ""airflow-core/src/airflow/ui/src/queries/useUpdateHITLDetail.ts""]",[],False
fixed_graph_rag,code_retrieval-018,results\final_evaluation\fixed_graph_rag_results.csv,1.0,0,[],"[""airflow-core/src/airflow/api_fastapi/auth/managers/simple/ui/openapi-gen/requests/core/serverSentEvents.gen.ts"", ""airflow-core/src/airflow/ui/src/hooks/useSelectedVersion.ts"", ""airflow-core/src/airflow/ui/src/layouts/Details/DagBreadcrumb.tsx"", ""airflow-core/src/airflow/ui/src/pages/Asset/AssetEvents.tsx"", ""airflow-core/src/airflow/ui/src/pages/Asset/AssetStateStore/AssetStateStore.tsx"", ""airflow-core/src/airflow/ui/src/pages/Dag/Overview/Overview.tsx"", ""airflow-core/src/airflow/ui/src/pages/Events/Events.tsx"", ""airflow-core/src/airflow/ui/src/pages/TaskInstance/AssetEvents.tsx"", ""airflow-core/src/airflow/ui/src/pages/TaskInstance/Details.tsx"", ""airflow-core/src/airflow/ui/src/pages/TaskInstance/ExtraLinks.tsx"", ""airflow-core/src/airflow/ui/src/pages/TaskInstance/HITLResponse.tsx"", ""airflow-core/src/airflow/ui/src/pages/TaskInstance/Logs/Logs.tsx"", ""airflow-core/src/airflow/ui/src/pages/TaskInstance/TaskInstance.tsx"", ""airflow-core/src/airflow/ui/src/pages/TaskStateStore/TaskStateStore.tsx"", ""airflow-core/src/airflow/ui/tests/e2e/pages/BackfillPage.ts"", ""airflow-core/src/airflow/ui/tests/e2e/pages/HomePage.ts"", ""providers/edge3/src/airflow/providers/edge3/plugins/www/src/components/WorkerConcurrencyButton.tsx"", ""registry/src/_data/statsData.js""]",[],False
fixed_graph_rag,structure-019,results\final_evaluation\fixed_graph_rag_results.csv,1.0,0,[],"[""airflow-core/tests/unit/dags/test_dag_test_with_dynamic_trigger.py"", ""airflow-core/tests/unit/dags/test_dag_test_with_trigger.py"", ""airflow-core/tests/unit/dags/test_dag_version_inflation_check.py"", ""airflow-core/tests/unit/dags/test_dag_warnings.py"", ""airflow-core/tests/unit/dags/test_dag_with_no_tags.py"", ""airflow-core/tests/unit/dags/test_dag_xcom_openlineage.py"", ""airflow-core/tests/unit/dags/test_dagrun_fast_follow.py"", ""airflow-core/tests/unit/dags/test_default_impersonation.py"", ""airflow-core/tests/unit/dags/test_double_trigger.py"", ""airflow-core/tests/unit/dags/test_example_bash_operator.py"", ""airflow-core/tests/unit/dags/test_external_task_sensor_check_existense.py"", ""airflow-core/tests/unit/dags/test_failing.py"", ""airflow-core/tests/unit/dags/test_future_start_date.py"", ""airflow-core/tests/unit/dags/test_heartbeat_failed_fast.py"", ""airflow-core/tests/unit/dags/test_impersonation.py"", ""airflow-core/tests/unit/dags/test_imports.py"", ""airflow-core/tests/unit/dags/test_invalid_cron.py"", ""airflow-core/tests/unit/dags/test_invalid_dup_task.py"", ""airflow-core/tests/unit/dags/test_invalid_param.py"", ""airflow-core/tests/unit/dags/test_invalid_param2.py"", ""airflow-core/tests/unit/dags/test_invalid_param3.py"", ""airflow-core/tests/unit/dags/test_invalid_param4.py"", ""airflow-core/tests/unit/dags/test_latest_runs.py"", ""airflow-core/tests/unit/dags/test_logging_in_dag.py"", ""airflow-core/tests/unit/dags/test_mapped_classic.py"", ""airflow-core/tests/unit/dags/test_mapped_taskflow.py"", ""airflow-core/tests/unit/dags/test_mark_state.py"", ""airflow-core/tests/unit/dags/test_miscellaneous.py"", ""airflow-core/tests/unit/dags/test_missing_owner.py"", ""airflow-core/tests/unit/dags/test_multiple_dags.py"", ""airflow-core/tests/unit/dags/test_no_impersonation.py"", ""airflow-core/tests/unit/dags/test_on_failure_callback.py"", ""airflow-core/tests/unit/dags/test_on_kill.py"", ""airflow-core/tests/unit/dags/test_only_empty_tasks.py"", ""airflow-core/tests/unit/dags/test_parsing_context.py"", ""airflow-core/tests/unit/dags/test_scheduler_dags.py"", ""airflow-core/tests/unit/dags/test_sensor.py"", ""airflow-core/tests/unit/dags/test_task_view_type_check.py"", ""airflow-core/tests/unit/dags/test_valid_param.py"", ""airflow-core/tests/unit/dags/test_valid_param2.py"", ""airflow-core/tests/unit/dags/test_with_non_default_owner.py"", ""airflow-core/tests/unit/dags/test_zip/file_no_airflow_dag.py"", ""airflow-core/tests/unit/dags/test_zip/test_zip.py"", ""airflow-core/tests/unit/dags/test_zip/test_zip_module/__init__.py"", ""airflow-core/tests/unit/dags/test_zip/test_zip_module/test.py""]",[],False
fixed_graph_rag,structure-017,results\final_evaluation\fixed_graph_rag_results.csv,1.0,0,[],"[""airflow-core/src/airflow/api_fastapi/core_api/datamodels/monitor.py"", ""airflow-core/src/airflow/api_fastapi/core_api/datamodels/plugins.py"", ""airflow-core/src/airflow/api_fastapi/core_api/datamodels/pools.py"", ""airflow-core/src/airflow/api_fastapi/core_api/datamodels/providers.py"", ""airflow-core/src/airflow/api_fastapi/core_api/datamodels/task_instance_history.py"", ""airflow-core/src/airflow/api_fastapi/core_api/datamodels/task_instances.py"", ""airflow-core/src/airflow/api_fastapi/core_api/datamodels/task_state_store.py"", ""airflow-core/src/airflow/api_fastapi/core_api/datamodels/tasks.py"", ""airflow-core/src/airflow/api_fastapi/core_api/datamodels/trigger.py"", ""airflow-core/src/airflow/api_fastapi/core_api/datamodels/ui/__init__.py"", ""airflow-core/src/airflow/api_fastapi/core_api/datamodels/ui/assets.py"", ""airflow-core/src/airflow/api_fastapi/core_api/datamodels/ui/auth.py"", ""airflow-core/src/airflow/api_fastapi/core_api/datamodels/ui/calendar.py"", ""airflow-core/src/airflow/api_fastapi/core_api/datamodels/ui/common.py"", ""airflow-core/src/airflow/api_fastapi/core_api/datamodels/ui/config.py"", ""airflow-core/src/airflow/api_fastapi/core_api/datamodels/ui/dag_runs.py"", ""airflow-core/src/airflow/api_fastapi/core_api/datamodels/ui/dags.py"", ""airflow-core/src/airflow/api_fastapi/core_api/datamodels/ui/dashboard.py"", ""airflow-core/src/airflow/api_fastapi/core_api/datamodels/ui/deadline.py"", ""airflow-core/src/airflow/api_fastapi/core_api/datamodels/ui/gantt.py"", ""airflow-core/src/airflow/api_fastapi/core_api/datamodels/ui/grid.py"", ""airflow-core/src/airflow/api_fastapi/core_api/datamodels/ui/partitioned_dag_runs.py"", ""airflow-core/src/airflow/api_fastapi/core_api/datamodels/ui/structure.py"", ""airflow-core/src/airflow/api_fastapi/core_api/datamodels/ui/teams.py"", ""airflow-core/src/airflow/api_fastapi/core_api/datamodels/variables.py"", ""airflow-core/src/airflow/api_fastapi/core_api/datamodels/version.py"", ""airflow-core/src/airflow/api_fastapi/core_api/datamodels/xcom.py""]",[],False
fixed_graph_rag,structure-027,results\final_evaluation\fixed_graph_rag_results.csv,1.0,0,[],"[""airflow-core/src/airflow/ui/src/components/FlexibleForm/Row.tsx"", ""airflow-core/src/airflow/ui/src/components/FlexibleForm/index.tsx"", ""airflow-core/src/airflow/ui/src/components/FlexibleForm/isParamRequired.tsx""]",[],False
fixed_graph_rag,structure-012,results\final_evaluation\fixed_graph_rag_results.csv,1.0,0,[],"[""airflow-core/tests/unit/api_fastapi/common/test_dagbag.py"", ""airflow-core/tests/unit/api_fastapi/common/test_exceptions.py"", ""airflow-core/tests/unit/api_fastapi/common/test_http_access_log.py"", ""airflow-core/tests/unit/api_fastapi/common/test_parameters.py"", ""airflow-core/tests/unit/api_fastapi/common/test_partition_helpers.py"", ""airflow-core/tests/unit/api_fastapi/common/test_types.py"", ""airflow-core/tests/unit/api_fastapi/common/test_uuid_serialization.py"", ""airflow-core/tests/unit/api_fastapi/conftest.py"", ""airflow-core/tests/unit/api_fastapi/core_api/__init__.py"", ""airflow-core/tests/unit/api_fastapi/core_api/datamodels/__init__.py"", ""airflow-core/tests/unit/api_fastapi/core_api/datamodels/test_common.py"", ""airflow-core/tests/unit/api_fastapi/core_api/datamodels/test_dag_run.py"", ""airflow-core/tests/unit/api_fastapi/core_api/datamodels/test_dags.py"", ""airflow-core/tests/unit/api_fastapi/core_api/datamodels/test_trigger.py"", ""airflow-core/tests/unit/api_fastapi/core_api/datamodels/test_ui_common.py"", ""airflow-core/tests/unit/api_fastapi/core_api/routes/__init__.py"", ""airflow-core/tests/unit/api_fastapi/core_api/routes/public/__init__.py"", ""airflow-core/tests/unit/api_fastapi/core_api/routes/public/test_asset_state_store.py"", ""airflow-core/tests/unit/api_fastapi/core_api/routes/public/test_assets.py"", ""airflow-core/tests/unit/api_fastapi/core_api/routes/public/test_auth.py"", ""airflow-core/tests/unit/api_fastapi/core_api/routes/public/test_backfills.py"", ""airflow-core/tests/unit/api_fastapi/core_api/routes/public/test_config.py"", ""airflow-core/tests/unit/api_fastapi/core_api/routes/public/test_connections.py"", ""airflow-core/tests/unit/api_fastapi/core_api/routes/public/test_dag_parsing.py"", ""airflow-core/tests/unit/api_fastapi/core_api/routes/public/test_dag_sources.py"", ""airflow-core/tests/unit/api_fastapi/core_api/routes/public/test_dag_stats.py"", ""airflow-core/tests/unit/api_fastapi/core_api/routes/public/test_dag_tags.py"", ""airflow-core/tests/unit/api_fastapi/core_api/routes/public/test_dag_versions.py"", ""airflow-core/tests/unit/api_fastapi/core_api/routes/public/test_dag_warning.py"", ""airflow-core/tests/unit/api_fastapi/core_api/routes/public/test_dags.py"", ""airflow-core/tests/unit/api_fastapi/core_api/routes/public/test_event_logs.py"", ""airflow-core/tests/unit/api_fastapi/core_api/routes/public/test_extra_links.py"", ""airflow-core/tests/unit/api_fastapi/core_api/routes/public/test_hitl.py"", ""airflow-core/tests/unit/api_fastapi/core_api/routes/public/test_import_error.py"", ""airflow-core/tests/unit/api_fastapi/core_api/routes/public/test_job.py"", ""airflow-core/tests/unit/api_fastapi/core_api/routes/public/test_log.py"", ""airflow-core/tests/unit/api_fastapi/core_api/routes/public/test_monitor.py"", ""airflow-core/tests/unit/api_fastapi/core_api/routes/public/test_plugins.py"", ""airflow-core/tests/unit/api_fastapi/core_api/routes/public/test_pools.py"", ""airflow-core/tests/unit/api_fastapi/core_api/routes/public/test_providers.py"", ""airflow-core/tests/unit/api_fastapi/core_api/routes/public/test_task_state_store.py"", ""airflow-core/tests/unit/api_fastapi/core_api/routes/public/test_tasks.py"", ""airflow-core/tests/unit/api_fastapi/core_api/routes/public/test_variables.py"", ""airflow-core/tests/unit/api_fastapi/core_api/routes/public/test_version.py"", ""airflow-core/tests/unit/api_fastapi/core_api/routes/public/test_xcom.py"", ""airflow-core/tests/unit/api_fastapi/core_api/routes/test_routes.py"", ""airflow-core/tests/unit/api_fastapi/core_api/routes/ui/__init__.py"", ""airflow-core/tests/unit/api_fastapi/core_api/routes/ui/test_assets.py"", ""airflow-core/tests/unit/api_fastapi/core_api/routes/ui/test_auth.py"", ""airflow-core/tests/unit/api_fastapi/core_api/routes/ui/test_backfills.py"", ""airflow-core/tests/unit/api_fastapi/core_api/routes/ui/test_calendar.py"", ""airflow-core/tests/unit/api_fastapi/core_api/routes/ui/test_config.py"", ""airflow-core/tests/unit/api_fastapi/core_api/routes/ui/test_connections.py"", ""airflow-core/tests/unit/api_fastapi/core_api/routes/ui/test_dags.py"", ""airflow-core/tests/unit/api_fastapi/core_api/routes/ui/test_dashboard.py"", ""airflow-core/tests/unit/api_fastapi/core_api/routes/ui/test_deadlines.py"", ""airflow-core/tests/unit/api_fastapi/core_api/routes/ui/test_dependencies.py"", ""airflow-core/tests/unit/api_fastapi/core_api/routes/ui/test_gantt.py"", ""airflow-core/tests/unit/api_fastapi/core_api/routes/ui/test_grid.py"", ""airflow-core/tests/unit/api_fastapi/core_api/routes/ui/test_partitioned_dag_runs.py"", ""airflow-core/tests/unit/api_fastapi/core_api/routes/ui/test_structure.py"", ""airflow-core/tests/unit/api_fastapi/core_api/routes/ui/test_teams.py"", ""airflow-core/tests/unit/api_fastapi/core_api/services/__init__.py"", ""airflow-core/tests/unit/api_fastapi/core_api/services/public/__init__.py"", ""airflow-core/tests/unit/api_fastapi/core_api/services/public/test_task_instances.py"", ""airflow-core/tests/unit/api_fastapi/core_api/services/ui/__init__.py"", ""airflow-core/tests/unit/api_fastapi/core_api/services/ui/test_connections.py"", ""airflow-core/tests/unit/api_fastapi/core_api/services/ui/test_grid.py"", ""airflow-core/tests/unit/api_fastapi/core_api/test_app.py"", ""airflow-core/tests/unit/api_fastapi/core_api/test_base.py"", ""airflow-core/tests/unit/api_fastapi/core_api/test_security.py"", ""airflow-core/tests/unit/api_fastapi/execution_api/__init__.py"", ""airflow-core/tests/unit/api_fastapi/execution_api/conftest.py"", ""airflow-core/tests/unit/api_fastapi/execution_api/routes/__init__.py"", ""airflow-core/tests/unit/api_fastapi/execution_api/routes/test_health_routes.py"", ""airflow-core/tests/unit/api_fastapi/execution_api/test_app.py"", ""airflow-core/tests/unit/api_fastapi/execution_api/test_security.py"", ""airflow-core/tests/unit/api_fastapi/execution_api/test_token_scope_boundaries.py"", ""airflow-core/tests/unit/api_fastapi/execution_api/versions/__init__.py"", ""airflow-core/tests/unit/api_fastapi/execution_api/versions/head/__init__.py""]",[],False
fixed_graph_rag,structure-004,results\final_evaluation\fixed_graph_rag_results.csv,1.0,0,[],"[""airflow-core/src/airflow/cli/commands/rotate_fernet_key_command.py"", ""airflow-core/src/airflow/cli/commands/scheduler_command.py"", ""airflow-core/src/airflow/cli/commands/standalone_command.py"", ""airflow-core/src/airflow/cli/commands/state_store_command.py"", ""airflow-core/src/airflow/cli/commands/task_command.py"", ""airflow-core/src/airflow/cli/commands/team_command.py"", ""airflow-core/src/airflow/cli/commands/triggerer_command.py"", ""airflow-core/src/airflow/cli/commands/variable_command.py"", ""airflow-core/src/airflow/cli/commands/version_command.py""]",[],False
fixed_graph_rag,code_retrieval-033,results\final_evaluation\fixed_graph_rag_results.csv,1.0,0,[],"[""airflow-core/tests/unit/models/test_connection.py"", ""providers/common/sql/tests/unit/common/sql/datafusion/test_engine.py"", ""task-sdk/tests/task_sdk/execution_time/test_context_cache.py""]",[],False
fixed_graph_rag,structure-005,results\final_evaluation\fixed_graph_rag_results.csv,1.0,0,[],"[""airflow-core/src/airflow/api_fastapi/core_api/routes/public/log.py"", ""airflow-core/src/airflow/api_fastapi/core_api/routes/public/monitor.py"", ""airflow-core/src/airflow/api_fastapi/core_api/routes/public/plugins.py"", ""airflow-core/src/airflow/api_fastapi/core_api/routes/public/pools.py"", ""airflow-core/src/airflow/api_fastapi/core_api/routes/public/providers.py"", ""airflow-core/src/airflow/api_fastapi/core_api/routes/public/task_instances.py"", ""airflow-core/src/airflow/api_fastapi/core_api/routes/public/task_state_store.py"", ""airflow-core/src/airflow/api_fastapi/core_api/routes/public/tasks.py"", ""airflow-core/src/airflow/api_fastapi/core_api/routes/public/variables.py"", ""airflow-core/src/airflow/api_fastapi/core_api/routes/public/version.py"", ""airflow-core/src/airflow/api_fastapi/core_api/routes/public/xcom.py""]",[],False
fixed_graph_rag,structure-003,results\final_evaluation\fixed_graph_rag_results.csv,1.0,0,[],"[""dev/breeze/doc/adr/0005-preventing-using-contributed-code-when-building-images.md"", ""dev/breeze/doc/adr/0006-using-root-user-and-fixing-ownership-for-ci-container.md"", ""dev/breeze/doc/adr/0007-using-database-volumes-for-backends.md"", ""dev/breeze/doc/adr/0008-fixing-group-permissions-before-build.md"", ""dev/breeze/doc/adr/0009-exclude-all-files-from-dockerignore-by-default.md"", ""dev/breeze/doc/adr/0010-use-pipx-to-install-breeze.md"", ""dev/breeze/doc/adr/0011-unified-communication-with-the-users.md"", ""dev/breeze/doc/adr/0012-asking-user-for-confirmation.md"", ""dev/breeze/doc/adr/0013-get-rid-of-submodules.md"", ""dev/breeze/doc/adr/0014-fix-root-ownership-after-exiting-docker-command.md"", ""dev/breeze/doc/adr/0015-handling-rootless-docker.md"", ""dev/breeze/doc/adr/0016-use-uv-tool-to-install-breeze.md"", ""dev/breeze/doc/adr/0017-use-uvx-to-run-breeze-from-local-sources.md"", ""dev/breeze/doc/ci/01_ci_environment.md"", ""dev/breeze/doc/ci/02_images.md"", ""dev/breeze/doc/ci/03_github_variables.md"", ""dev/breeze/doc/ci/04_selective_checks.md"", ""dev/breeze/doc/ci/05_workflows.md"", ""dev/breeze/doc/ci/06_debugging.md"", ""dev/breeze/doc/ci/07_running_ci_locally.md"", ""dev/breeze/doc/ci/README.md"", ""dev/ide_setup/AGENTS.md"", ""dev/mypy/README.md"", ""dev/react-plugin-tools/README.md"", ""dev/react-plugin-tools/react_plugin_template/README.md"", ""dev/skill-evals/README.md"", ""dev/system_tests/README.md""]",[],False
fixed_graph_rag,structure-008,results\final_evaluation\fixed_graph_rag_results.csv,1.0,0,[],"[""airflow-core/docs/administration-and-deployment/priority-weight.rst"", ""airflow-core/docs/administration-and-deployment/production-deployment.rst"", ""airflow-core/docs/administration-and-deployment/scheduler.rst"", ""airflow-core/docs/administration-and-deployment/task-and-asset-state-store-cleanup.rst"", ""airflow-core/docs/administration-and-deployment/task-and-asset-state-store.rst"", ""airflow-core/docs/administration-and-deployment/web-stack.rst""]",[],False
fixed_graph_rag,structure-023,results\final_evaluation\fixed_graph_rag_results.csv,1.0,0,[],"[""airflow-core/tests/unit/utils/test_email.py"", ""airflow-core/tests/unit/utils/test_event_scheduler.py"", ""airflow-core/tests/unit/utils/test_file.py"", ""airflow-core/tests/unit/utils/test_helpers.py"", ""airflow-core/tests/unit/utils/test_json.py"", ""airflow-core/tests/unit/utils/test_log_handlers.py"", ""airflow-core/tests/unit/utils/test_logging_mixin.py"", ""airflow-core/tests/unit/utils/test_memray_utils.py"", ""airflow-core/tests/unit/utils/test_net.py"", ""airflow-core/tests/unit/utils/test_operator_helpers.py"", ""airflow-core/tests/unit/utils/test_orm_event_handlers.py"", ""airflow-core/tests/unit/utils/test_process_utils.py"", ""airflow-core/tests/unit/utils/test_retries.py"", ""airflow-core/tests/unit/utils/test_scheduler_health.py"", ""airflow-core/tests/unit/utils/test_serve_logs.py"", ""airflow-core/tests/unit/utils/test_session.py"", ""airflow-core/tests/unit/utils/test_sqlalchemy.py"", ""airflow-core/tests/unit/utils/test_state.py"", ""airflow-core/tests/unit/utils/test_strings.py"", ""airflow-core/tests/unit/utils/test_task_group.py"", ""airflow-core/tests/unit/utils/test_timeout_traceback.py"", ""airflow-core/tests/unit/utils/test_trigger_rule.py"", ""airflow-core/tests/unit/utils/test_types.py""]",[],False
fixed_graph_rag,structure-007,results\final_evaluation\fixed_graph_rag_results.csv,1.0,0,[],"[""airflow-core/src/airflow/api_fastapi/auth/managers/simple/user.py"", ""airflow-core/src/airflow/api_fastapi/auth/managers/simple/utils.py"", ""airflow-core/src/airflow/api_fastapi/auth/middlewares/__init__.py"", ""airflow-core/src/airflow/api_fastapi/auth/middlewares/refresh_token.py"", ""airflow-core/src/airflow/api_fastapi/auth/tokens.py"", ""airflow-core/src/airflow/api_fastapi/common/__init__.py"", ""airflow-core/src/airflow/api_fastapi/common/cursors.py"", ""airflow-core/src/airflow/api_fastapi/common/dagbag.py"", ""airflow-core/src/airflow/api_fastapi/common/db/__init__.py"", ""airflow-core/src/airflow/api_fastapi/common/db/common.py"", ""airflow-core/src/airflow/api_fastapi/common/db/dag_runs.py"", ""airflow-core/src/airflow/api_fastapi/common/db/dags.py"", ""airflow-core/src/airflow/api_fastapi/common/db/task_instances.py"", ""airflow-core/src/airflow/api_fastapi/common/exceptions.py"", ""airflow-core/src/airflow/api_fastapi/common/headers.py"", ""airflow-core/src/airflow/api_fastapi/common/http_access_log.py"", ""airflow-core/src/airflow/api_fastapi/common/parameters.py"", ""airflow-core/src/airflow/api_fastapi/common/partition_helpers.py"", ""airflow-core/src/airflow/api_fastapi/common/router.py"", ""airflow-core/src/airflow/api_fastapi/common/types.py"", ""airflow-core/src/airflow/api_fastapi/compat.py"", ""airflow-core/src/airflow/api_fastapi/core_api/__init__.py"", ""airflow-core/src/airflow/api_fastapi/core_api/app.py"", ""airflow-core/src/airflow/api_fastapi/core_api/base.py"", ""airflow-core/src/airflow/api_fastapi/core_api/datamodels/__init__.py"", ""airflow-core/src/airflow/api_fastapi/core_api/datamodels/asset_state_store.py"", ""airflow-core/src/airflow/api_fastapi/core_api/datamodels/assets.py"", ""airflow-core/src/airflow/api_fastapi/core_api/datamodels/backfills.py"", ""airflow-core/src/airflow/api_fastapi/core_api/datamodels/common.py"", ""airflow-core/src/airflow/api_fastapi/core_api/datamodels/config.py"", ""airflow-core/src/airflow/api_fastapi/core_api/datamodels/connections.py"", ""airflow-core/src/airflow/api_fastapi/core_api/datamodels/dag_run.py"", ""airflow-core/src/airflow/api_fastapi/core_api/datamodels/dag_sources.py"", ""airflow-core/src/airflow/api_fastapi/core_api/datamodels/dag_stats.py"", ""airflow-core/src/airflow/api_fastapi/core_api/datamodels/dag_tags.py"", ""airflow-core/src/airflow/api_fastapi/core_api/datamodels/dag_versions.py"", ""airflow-core/src/airflow/api_fastapi/core_api/datamodels/dag_warning.py"", ""airflow-core/src/airflow/api_fastapi/core_api/datamodels/dags.py"", ""airflow-core/src/airflow/api_fastapi/core_api/datamodels/event_logs.py"", ""airflow-core/src/airflow/api_fastapi/core_api/datamodels/extra_links.py"", ""airflow-core/src/airflow/api_fastapi/core_api/datamodels/hitl.py"", ""airflow-core/src/airflow/api_fastapi/core_api/datamodels/import_error.py"", ""airflow-core/src/airflow/api_fastapi/core_api/datamodels/job.py"", ""airflow-core/src/airflow/api_fastapi/core_api/datamodels/log.py"", ""airflow-core/src/airflow/api_fastapi/core_api/datamodels/monitor.py"", ""airflow-core/src/airflow/api_fastapi/core_api/datamodels/plugins.py"", ""airflow-core/src/airflow/api_fastapi/core_api/datamodels/pools.py"", ""airflow-core/src/airflow/api_fastapi/core_api/datamodels/providers.py"", ""airflow-core/src/airflow/api_fastapi/core_api/datamodels/task_instance_history.py"", ""airflow-core/src/airflow/api_fastapi/core_api/datamodels/task_instances.py"", ""airflow-core/src/airflow/api_fastapi/core_api/datamodels/task_state_store.py"", ""airflow-core/src/airflow/api_fastapi/core_api/datamodels/tasks.py"", ""airflow-core/src/airflow/api_fastapi/core_api/datamodels/trigger.py"", ""airflow-core/src/airflow/api_fastapi/core_api/datamodels/ui/__init__.py"", ""airflow-core/src/airflow/api_fastapi/core_api/datamodels/ui/assets.py"", ""airflow-core/src/airflow/api_fastapi/core_api/datamodels/ui/auth.py"", ""airflow-core/src/airflow/api_fastapi/core_api/datamodels/ui/calendar.py"", ""airflow-core/src/airflow/api_fastapi/core_api/datamodels/ui/common.py"", ""airflow-core/src/airflow/api_fastapi/core_api/datamodels/ui/config.py"", ""airflow-core/src/airflow/api_fastapi/core_api/datamodels/ui/dag_runs.py"", ""airflow-core/src/airflow/api_fastapi/core_api/datamodels/ui/dags.py"", ""airflow-core/src/airflow/api_fastapi/core_api/datamodels/ui/dashboard.py"", ""airflow-core/src/airflow/api_fastapi/core_api/datamodels/ui/deadline.py"", ""airflow-core/src/airflow/api_fastapi/core_api/datamodels/ui/gantt.py"", ""airflow-core/src/airflow/api_fastapi/core_api/datamodels/ui/grid.py"", ""airflow-core/src/airflow/api_fastapi/core_api/datamodels/ui/partitioned_dag_runs.py"", ""airflow-core/src/airflow/api_fastapi/core_api/datamodels/ui/structure.py"", ""airflow-core/src/airflow/api_fastapi/core_api/datamodels/ui/teams.py"", ""airflow-core/src/airflow/api_fastapi/core_api/datamodels/variables.py"", ""airflow-core/src/airflow/api_fastapi/core_api/datamodels/version.py"", ""airflow-core/src/airflow/api_fastapi/core_api/datamodels/xcom.py"", ""airflow-core/src/airflow/api_fastapi/core_api/openapi/__init__.py"", ""airflow-core/src/airflow/api_fastapi/core_api/openapi/exceptions.py"", ""airflow-core/src/airflow/api_fastapi/core_api/routes/__init__.py"", ""airflow-core/src/airflow/api_fastapi/core_api/routes/public/__init__.py"", ""airflow-core/src/airflow/api_fastapi/core_api/routes/public/asset_state_store.py"", ""airflow-core/src/airflow/api_fastapi/core_api/routes/public/assets.py"", ""airflow-core/src/airflow/api_fastapi/core_api/routes/public/auth.py"", ""airflow-core/src/airflow/api_fastapi/core_api/routes/public/backfills.py"", ""airflow-core/src/airflow/api_fastapi/core_api/routes/public/config.py""]",[],False
fixed_graph_rag,code_retrieval-013,results\final_evaluation\fixed_graph_rag_results.csv,1.0,0,[],"[""airflow-core/docs/administration-and-deployment/pools.rst"", ""airflow-core/docs/administration-and-deployment/scheduler.rst"", ""airflow-core/docs/administration-and-deployment/task-and-asset-state-store-cleanup.rst"", ""airflow-core/docs/authoring-and-scheduling/cron.rst"", ""airflow-core/docs/authoring-and-scheduling/deferring.rst"", ""airflow-core/docs/authoring-and-scheduling/language-sdks/index.rst"", ""airflow-core/docs/authoring-and-scheduling/timetable.rst"", ""airflow-core/docs/authoring-and-scheduling/timezone.rst"", ""airflow-core/docs/core-concepts/dag-run.rst"", ""airflow-core/docs/core-concepts/sensors.rst"", ""airflow-core/docs/core-concepts/task-state-store.rst"", ""airflow-core/docs/core-concepts/tasks.rst"", ""airflow-core/docs/faq.rst"", ""airflow-core/docs/howto/deadline-alerts.rst"", ""airflow-core/docs/howto/sla-to-deadlines.rst"", ""airflow-core/docs/howto/timetable.rst"", ""airflow-core/docs/templates-ref.rst"", ""airflow-core/docs/tutorial/pipeline.rst"", ""airflow-core/newsfragments/69143.bugfix.rst"", ""airflow-core/src/airflow/api_fastapi/common/types.py"", ""airflow-core/src/airflow/api_fastapi/core_api/datamodels/dags.py"", ""airflow-core/src/airflow/api_fastapi/core_api/routes/public/task_state_store.py"", ""airflow-core/src/airflow/api_fastapi/execution_api/datamodels/taskinstance.py"", ""airflow-core/src/airflow/api_fastapi/execution_api/versions/v2026_04_06.py"", ""airflow-core/src/airflow/dag_processing/bundles/base.py"", ""airflow-core/src/airflow/dag_processing/dagbag.py"", ""airflow-core/src/airflow/dag_processing/manager.py"", ""airflow-core/src/airflow/example_dags/example_custom_weight.py"", ""airflow-core/src/airflow/example_dags/example_latest_only_with_trigger.py"", ""airflow-core/src/airflow/example_dags/example_passing_params_via_test_command.py"", ""airflow-core/src/airflow/example_dags/example_retry_policy.py"", ""airflow-core/src/airflow/example_dags/example_skip_dag.py"", ""airflow-core/src/airflow/example_dags/example_task_state_store.py"", ""airflow-core/src/airflow/example_dags/example_time_delta_sensor_async.py"", ""airflow-core/src/airflow/example_dags/plugins/business_day_window.py"", ""airflow-core/src/airflow/example_dags/plugins/workday.py"", ""airflow-core/src/airflow/example_dags/tutorial.py"", ""airflow-core/src/airflow/migrations/versions/0117_3_3_0_change_deadline_interval_to_json.py"", ""airflow-core/src/airflow/models/dag.py"", ""airflow-core/src/airflow/models/deadline.py"", ""airflow-core/src/airflow/models/deadline_alert.py"", ""airflow-core/src/airflow/models/serialized_dag.py"", ""airflow-core/src/airflow/models/taskinstance.py"", ""airflow-core/src/airflow/models/trigger.py"", ""airflow-core/src/airflow/partition_mappers/temporal.py"", ""airflow-core/src/airflow/partition_mappers/window.py"", ""airflow-core/src/airflow/sensors/__init__.py"", ""airflow-core/src/airflow/serialization/decoders.py"", ""airflow-core/src/airflow/serialization/definitions/baseoperator.py"", ""airflow-core/src/airflow/serialization/definitions/dag.py"", ""airflow-core/src/airflow/serialization/definitions/deadline.py"", ""airflow-core/src/airflow/serialization/definitions/mappedoperator.py"", ""airflow-core/src/airflow/serialization/enums.py"", ""airflow-core/src/airflow/serialization/schema.json"", ""airflow-core/src/airflow/serialization/serialized_objects.py"", ""airflow-core/src/airflow/timetables/_cron.py"", ""airflow-core/src/airflow/timetables/_delta.py"", ""airflow-core/src/airflow/timetables/interval.py"", ""airflow-core/src/airflow/timetables/simple.py"", ""airflow-core/src/airflow/timetables/trigger.py"", ""airflow-core/src/airflow/triggers/base.py"", ""airflow-core/tests/unit/api_fastapi/auth/test_tokens.py"", ""airflow-core/tests/unit/api_fastapi/conftest.py"", ""airflow-core/tests/unit/api_fastapi/core_api/datamodels/test_dags.py"", ""airflow-core/tests/unit/api_fastapi/core_api/routes/public/test_assets.py"", ""airflow-core/tests/unit/api_fastapi/core_api/routes/public/test_backfills.py"", ""airflow-core/tests/unit/api_fastapi/core_api/routes/public/test_dag_stats.py"", ""airflow-core/tests/unit/api_fastapi/core_api/routes/public/test_dags.py"", ""airflow-core/tests/unit/api_fastapi/core_api/routes/public/test_hitl.py"", ""airflow-core/tests/unit/api_fastapi/core_api/routes/public/test_monitor.py"", ""airflow-core/tests/unit/api_fastapi/core_api/routes/ui/test_dashboard.py"", ""airflow-core/tests/unit/api_fastapi/core_api/routes/ui/test_grid.py"", ""airflow-core/tests/unit/cli/commands/test_dag_command.py"", ""airflow-core/tests/unit/cluster_policies/__init__.py"", ""airflow-core/tests/unit/core/test_core.py"", ""airflow-core/tests/unit/core/test_example_dags_system.py"", ""airflow-core/tests/unit/dag_processing/bundles/test_base.py"", ""airflow-core/tests/unit/dag_processing/test_collection.py"", ""airflow-core/tests/unit/dag_processing/test_dagbag.py"", ""airflow-core/tests/unit/dags/test_cli_triggered_dags.py"", ""airflow-core/tests/unit/dags/test_dag_for_db_queries_counter.py"", ""airflow-core/tests/unit/dags/test_dag_version_inflation_check.py"", ""airflow-core/tests/unit/dags/test_dag_xcom_openlineage.py"", ""airflow-core/tests/unit/dags/test_example_bash_operator.py"", ""airflow-core/tests/unit/dags/test_failing.py"", ""airflow-core/tests/unit/dags/test_future_start_date.py"", ""airflow-core/tests/unit/dags/test_miscellaneous.py"", ""airflow-core/tests/unit/dags/test_missing_owner.py"", ""airflow-core/tests/unit/dags/test_multiple_dags.py"", ""airflow-core/tests/unit/dags/test_scheduler_dags.py"", ""airflow-core/tests/unit/dags/test_sensor.py"", ""airflow-core/tests/unit/dags/test_with_non_default_owner.py"", ""airflow-core/tests/unit/dags_corrupted/test_impersonation_custom.py"", ""airflow-core/tests/unit/dags_corrupted/test_nonstring_owner.py"", ""airflow-core/tests/unit/dags_with_system_exit/a_system_exit.py"", ""airflow-core/tests/unit/dags_with_system_exit/b_test_scheduler_dags.py"", ""airflow-core/tests/unit/dags_with_system_exit/c_system_exit.py"", ""airflow-core/tests/unit/executors/test_base_executor.py"", ""airflow-core/tests/unit/jobs/test_base_job.py""]",[],False
fixed_graph_rag,developer_activity-027,results\final_evaluation\fixed_graph_rag_results.csv,1.0,0,[],"[""17470a281415c9e68e9c7881229716f0572fdf39"", ""20ce3d49e8d77d8ccabf4916148f52f93879abfa"", ""6491f0b0c08882b64303ec8d6f8bd3c464246b9a"", ""739ac7e54626f8cbcacd10ebf46a184c06a4217b"", ""7452e193c68ebaeecd46f322f333dc7e41de15af"", ""753a45d0ddcd8f34b5d8d9e74a22934281065734"", ""8843ea00777a700cb88d73ade488d885d4f6f3a8"", ""aa7062d882df29c73663ae707cfff1b71f430ed8"", ""cc91f50e52304f4ee340ad6616db812c4e796f6a"", ""ce27bed0928a823b388ed411e30bc56280183119"", ""cf65724995c1d5ddf60a038a7948f19af9902780"", ""e2f18353e1ed394ff8c684e3effc5439663809a2"", ""eb2c12942eb54857a572de80cfb18accb623b4bf"", ""ee3269b0d126056f3c8d63556ac6037aa1315c67"", ""f472341296771a12855f7042da76fce4e3410fd9"", ""ff26ac36a03c59c5caad61a1af6b8d0f94d80934""]","[""unexpected_commit:cf65724995c1d5ddf60a038a7948f19af9902780"", ""unexpected_commit:ff26ac36a03c59c5caad61a1af6b8d0f94d80934"", ""unexpected_commit:7452e193c68ebaeecd46f322f333dc7e41de15af"", ""unexpected_commit:aa7062d882df29c73663ae707cfff1b71f430ed8"", ""unexpected_commit:17470a281415c9e68e9c7881229716f0572fdf39"", ""unexpected_commit:739ac7e54626f8cbcacd10ebf46a184c06a4217b"", ""unexpected_commit:753a45d0ddcd8f34b5d8d9e74a22934281065734"", ""unexpected_commit:f472341296771a12855f7042da76fce4e3410fd9"", ""unexpected_commit:ce27bed0928a823b388ed411e30bc56280183119"", ""unexpected_commit:e2f18353e1ed394ff8c684e3effc5439663809a2"", ""unexpected_commit:20ce3d49e8d77d8ccabf4916148f52f93879abfa"", ""unexpected_commit:8843ea00777a700cb88d73ade488d885d4f6f3a8"", ""unexpected_commit:6491f0b0c08882b64303ec8d6f8bd3c464246b9a"", ""unexpected_commit:ee3269b0d126056f3c8d63556ac6037aa1315c67"", ""unexpected_commit:cc91f50e52304f4ee340ad6616db812c4e796f6a"", ""unexpected_commit:eb2c12942eb54857a572de80cfb18accb623b4bf""]",False
fixed_graph_rag,developer_activity-008,results\final_evaluation\fixed_graph_rag_results.csv,1.0,0,[],"[""090136418a5e2d939ee4fe09e9be74757f497bb8"", ""098cfb60b6de7d75d9c2d39f6b2ee23b8b6ead43"", ""24ea3e9916d08cd2034f4f97d4af844ebf7c2bae"", ""2742ccbd4a0a3ee72b1fde500c093a9da41322ce"", ""556824d7c7f31405deb6ba7bc066cf957eed0be5"", ""75504b859f8abbbe7cc05324b7842e4a71d90d4f"", ""775e85dd1716c8c3da53722a645f2cd51bdf4abc"", ""7ff5e857fdb41a9f3e012c56390c2baa1f8b0f3e"", ""9106b8383489c4db969feb0198c6dd81f6f96ea1"", ""cc199a7a1581f76403d7c88b420caa452cd4f595"", ""d4fc5b036bbd851dab9fabe4460c9578c7ff2da0"", ""d5cf15107a3dc797354e5d3c353a846f377a64a1"", ""d8014ae193f5190625a338c4d7faf095ddcd65bd"", ""e7a6c22ef05ba86c57477b3971818459c471f6e6"", ""f09d67cc1c216b445d01f1893f37ff391bb3b4b7""]","[""unexpected_commit:090136418a5e2d939ee4fe09e9be74757f497bb8"", ""unexpected_commit:d4fc5b036bbd851dab9fabe4460c9578c7ff2da0"", ""unexpected_commit:75504b859f8abbbe7cc05324b7842e4a71d90d4f"", ""unexpected_commit:9106b8383489c4db969feb0198c6dd81f6f96ea1"", ""unexpected_commit:2742ccbd4a0a3ee72b1fde500c093a9da41322ce"", ""unexpected_commit:cc199a7a1581f76403d7c88b420caa452cd4f595"", ""unexpected_commit:775e85dd1716c8c3da53722a645f2cd51bdf4abc"", ""unexpected_commit:24ea3e9916d08cd2034f4f97d4af844ebf7c2bae"", ""unexpected_commit:098cfb60b6de7d75d9c2d39f6b2ee23b8b6ead43"", ""unexpected_commit:d8014ae193f5190625a338c4d7faf095ddcd65bd"", ""unexpected_commit:e7a6c22ef05ba86c57477b3971818459c471f6e6"", ""unexpected_commit:d5cf15107a3dc797354e5d3c353a846f377a64a1"", ""unexpected_commit:556824d7c7f31405deb6ba7bc066cf957eed0be5"", ""unexpected_commit:7ff5e857fdb41a9f3e012c56390c2baa1f8b0f3e"", ""unexpected_commit:f09d67cc1c216b445d01f1893f37ff391bb3b4b7""]",False
fixed_graph_rag,multi_hop-048,results\final_evaluation\fixed_graph_rag_results.csv,1.0,0,[],"[""mlflow/server/js/src/components/LoadMoreBar.js"", ""mlflow/server/js/src/components/LoadMoreBar.test.js"", ""mlflow/server/js/src/components/MetricView.css"", ""mlflow/server/js/src/components/MetricView.js"", ""mlflow/server/js/src/components/MetricsPlotControls.js"", ""mlflow/server/js/src/components/MetricsPlotControls.test.js"", ""mlflow/server/js/src/components/MetricsPlotPanel.js"", ""mlflow/server/js/src/components/MetricsPlotPanel.test.js"", ""mlflow/server/js/src/components/MetricsPlotView.js"", ""mlflow/server/js/src/components/MetricsPlotView.test.js"", ""mlflow/server/js/src/components/ParallelCoordinatesPlotControls.js"", ""mlflow/server/js/src/components/ParallelCoordinatesPlotControls.test.js"", ""mlflow/server/js/src/components/ParallelCoordinatesPlotPanel.css"", ""mlflow/server/js/src/components/ParallelCoordinatesPlotPanel.js"", ""mlflow/server/js/src/components/ParallelCoordinatesPlotPanel.test.js"", ""mlflow/server/js/src/components/ParallelCoordinatesPlotView.js"", ""mlflow/server/js/src/components/ParallelCoordinatesPlotView.test.js"", ""mlflow/server/js/src/components/RunView.js"", ""mlflow/server/js/src/components/tables/EditableFormTable.css"", ""mlflow/server/js/src/components/tables/EditableFormTable.js"", ""mlflow/server/js/src/components/tables/EditableFormTable.test.js"", ""mlflow/server/js/src/index.css"", ""mlflow/server/js/src/reducers/MetricReducer.js"", ""mlflow/server/js/src/reducers/Reducers.js"", ""mlflow/server/js/src/sdk/MlflowLocalStorageMessages.js"", ""mlflow/server/js/src/sdk/MlflowMessages.js"", ""mlflow/server/js/src/setupTests.js"", ""mlflow/server/js/src/utils/Utils.js"", ""mlflow/server/js/src/utils/Utils.test.js""]",[],False
fixed_graph_rag,multi_hop-014,results\final_evaluation\fixed_graph_rag_results.csv,1.0,0,[],"[""src/eShop.ServiceDefaults/AuthenticationExtensions.cs"", ""src/eShop.ServiceDefaults/AuthorizeCheckOperationFilter.cs"", ""src/eShop.ServiceDefaults/Extensions.cs"", ""src/eShop.ServiceDefaults/HttpClientAuthorizationDelegatingHandler.cs"", ""src/eShop.ServiceDefaults/HttpClientExtensions.cs"", ""src/eShop.ServiceDefaults/JsonDefaults.cs"", ""src/eShop.ServiceDefaults/OpenApi.Extensions.cs""]",[],False
fixed_hybrid_rag,developer_activity-004,results\final_evaluation\fixed_hybrid_rag_results.csv,1.0,0,[],"[""00196d3d007f42d48b07033fd2cf496162d6cf1f"", ""07e0e106d5cccb909664df8c61a221450557c69e"", ""08fbe11b60e485015b8c5696d5b7692860d15216"", ""110d666b4f30fcea6f5fa2848784bfb8985a2402"", ""126a6dd4d24687e7ac2b5d00c1039d3010576bd8"", ""12b39d5ab506167a1bda13807f17732bf18f921e"", ""134d51287f5fd13f1b5e86986f8125f48d3407a6"", ""1446fe22407e11affd1a4fd027708298d7a2e3c0"", ""150ef01d8794bd42677c971b051e12463333c184"", ""1b66425f0c2c24e6be44ecbbee77ffb6ffa9ceb1"", ""1da85da22e1e306e584b4e5558071cd258f74df7"", ""1eb5f6ebfeb654a33f4f1e7b0ac3a4c6d9d5bd70"", ""1ef4446a1cabc116e72760a1153ef5bc22920c94"", ""20cabc6f0ca322da373b7ce56ec6ce5c16199e17"", ""2527a335aceb72b0b155bb588c0b3039f6380cf3"", ""256c3f02d5ae800af841cdc3950cbf417448def1"", ""259f0d161544b424a5dfb33c665da5d6b9165d96"", ""2a5499fb1f8d2e556fcf4f07fb771cec32c397c4"", ""2b4598c2ab7c57392f01a930fca6139d02fe5dec"", ""2d56b6c67e7a425f2ad954cc6b79cf5e8e32783b"", ""2dc75fa4c01d53d3d8eece05f3c0ab4e86f71cf8"", ""2e964d89e800a048c7eee51438f8aabee9593678"", ""2fc8eae65898bec051055e4d79e73e70834f202d"", ""30ea72ca30767639f87571529419a8e2cebc9417"", ""31c8b1f63a24e07cf6752c41718ab82bad659110"", ""39531d24b08af3b2abae2701637c01d0bf56a536"", ""398c515d99f0325419309887773bcd07b7a749e8"", ""406d31ca17bfb45945402ac266e0b88b7c0889a6"", ""447bb088b87c9ad5d9f5747e95ba011f3e29982c"", ""490564606d7214bef9d3672a6e24873d552c4ea0"", ""4a57f276f01bcca2136fc17dd97864b2f98e8d87"", ""51d2f688a1fcb91bd7d751164efac806297d14a1"", ""52dedae024855bb4017b6426b0ed735d64f9db32"", ""59fa310b1270d7f85861d887efd9f2346dc9090b"", ""60f212a0893365f98cfc153b40a6ba898842c78c"", ""60f35c3aeca6206233eec8c3371c797824a9f2f8"", ""62ad66ebb17c6be946635cc459542130be545ce8"", ""62afdc81f096e5b8726102f195518b5caf988c1d"", ""65c5f0ae29770ced643b11b85243b27fbeca90e5"", ""6765012c55cbfa47b98c5977b1f41dba96aeb535"", ""72bc01db647cd8a0e4c3e39e70e4edaef84422e4"", ""73b55207b5c38e1ea0a4dd3a4645df5f5a86f841"", ""7447a609019f392d13f18dc782c88916f0e8315d"", ""80c7a048b5f0c84d33b0007ccdd6ac4fbd8a7ae6"", ""81ab8fbc7fc8223a78334fc36e8729bbd55782ef"", ""827082307abba48cb8c706fc7c40a627c63feb84"", ""84dcc17cf2a4dcbf20c893bc3f0fd8f7f5befc96"", ""864152b6b1bf8a364f239b88184d8a84a81e66b0"", ""86a797f971ff635d3b7408e3c0f4a494b1316a2d"", ""8a78712facaac54ba9cf7c677fa11f8b8efbb00d"", ""8da2a647be10d8a33d8d7d0eabfacad5c2543221"", ""9210c1b76c5a4ff752b29d7f212d474d8be38741"", ""948227821b16001e83a18b15d1d2a3f901396498"", ""9a0031fab2b3b1c3528bb561032d5b080b81778c"", ""9abfd10cf83ca280231875a84e810a0fd2c2cdc9"", ""9c3606886be1c050f4dbe68583836654b1653b87"", ""9f7cae14dfbf0200786cf6ecf5aa50a9eae1c0d8"", ""a6f42ab4b805c09694892c30a847ac868d912e0e"", ""a732c401ae64d951242ff07cb2f45817e1f112b1"", ""b05f8f47aabb05dfc8fd38b9f2a9ad8bff29e1eb"", ""b0d35a0fb7b969c0b0e19f1077a23489ec969bb0"", ""b176105d28dbd169903722ef267fcd3871fa399a"", ""b235411b5c249e78f19b0e80a6ba9bfeb6ba36da"", ""b47ec000344fbda3badc677347ff132954a5e00d"", ""ba6be5106d4169fa7614fa456122397cee00f6d5"", ""bfa3d7ae9f78ca5e51fb03033022ce8f3dea526c"", ""c11650c147ee9c61ad49fef62b7f332f10d086a1"", ""c94ea1f9e3f28a2d3c2334fa1684050d434c39ce"", ""cb4613a27d32bf09aaaee7ca3d5da44e24a7a5f0"", ""cc44e4df685a2c14f9f4ceec00f95df3569eed22"", ""cefdb1a7b941e9a2ebceefff8f0a9f430a2dce6b"", ""d0f0181c85bd7521953d61940ade39225d45b40a"", ""d915e49bdad2a261d07328c66fb60b9af482ded7"", ""db23691e0ce182a0a2593a139a6d172888fcf25e"", ""e1893242f5b2c3b7fdaab30d4317f11f7bc40fc5"", ""e84be5db32efb34049b86d9f5860e5c3228a0834"", ""ec7422334bd2d6aa4a12d4dff2abbc4eb8a1edf1"", ""ef2a3eadf6ab86057bc75e3befff2d4e20b8d0da"", ""ef39030200318cc31cf2902231b5b03b66f54bb7"", ""fe041aefa812082db8b85f5fa07f62ef18f71544""]","[""unexpected_commit:1b66425f0c2c24e6be44ecbbee77ffb6ffa9ceb1"", ""unexpected_commit:d0f0181c85bd7521953d61940ade39225d45b40a"", ""unexpected_commit:827082307abba48cb8c706fc7c40a627c63feb84"", ""unexpected_commit:60f212a0893365f98cfc153b40a6ba898842c78c"", ""unexpected_commit:ef2a3eadf6ab86057bc75e3befff2d4e20b8d0da"", ""unexpected_commit:59fa310b1270d7f85861d887efd9f2346dc9090b"", ""unexpected_commit:cb4613a27d32bf09aaaee7ca3d5da44e24a7a5f0"", ""unexpected_commit:948227821b16001e83a18b15d1d2a3f901396498"", ""unexpected_commit:490564606d7214bef9d3672a6e24873d552c4ea0"", ""unexpected_commit:ef39030200318cc31cf2902231b5b03b66f54bb7"", ""unexpected_commit:db23691e0ce182a0a2593a139a6d172888fcf25e"", ""unexpected_commit:134d51287f5fd13f1b5e86986f8125f48d3407a6"", ""unexpected_commit:7447a609019f392d13f18dc782c88916f0e8315d"", ""unexpected_commit:20cabc6f0ca322da373b7ce56ec6ce5c16199e17"", ""unexpected_commit:256c3f02d5ae800af841cdc3950cbf417448def1"", ""unexpected_commit:51d2f688a1fcb91bd7d751164efac806297d14a1"", ""unexpected_commit:e1893242f5b2c3b7fdaab30d4317f11f7bc40fc5"", ""unexpected_commit:60f35c3aeca6206233eec8c3371c797824a9f2f8"", ""unexpected_commit:2fc8eae65898bec051055e4d79e73e70834f202d"", ""unexpected_commit:150ef01d8794bd42677c971b051e12463333c184"", ""unexpected_commit:864152b6b1bf8a364f239b88184d8a84a81e66b0"", ""unexpected_commit:9210c1b76c5a4ff752b29d7f212d474d8be38741"", ""unexpected_commit:8da2a647be10d8a33d8d7d0eabfacad5c2543221"", ""unexpected_commit:1da85da22e1e306e584b4e5558071cd258f74df7"", ""unexpected_commit:bfa3d7ae9f78ca5e51fb03033022ce8f3dea526c"", ""unexpected_commit:fe041aefa812082db8b85f5fa07f62ef18f71544"", ""unexpected_commit:447bb088b87c9ad5d9f5747e95ba011f3e29982c"", ""unexpected_commit:39531d24b08af3b2abae2701637c01d0bf56a536"", ""unexpected_commit:86a797f971ff635d3b7408e3c0f4a494b1316a2d"", ""unexpected_commit:110d666b4f30fcea6f5fa2848784bfb8985a2402"", ""unexpected_commit:1eb5f6ebfeb654a33f4f1e7b0ac3a4c6d9d5bd70"", ""unexpected_commit:a732c401ae64d951242ff07cb2f45817e1f112b1"", ""unexpected_commit:2e964d89e800a048c7eee51438f8aabee9593678"", ""unexpected_commit:31c8b1f63a24e07cf6752c41718ab82bad659110"", ""unexpected_commit:08fbe11b60e485015b8c5696d5b7692860d15216"", ""unexpected_commit:ec7422334bd2d6aa4a12d4dff2abbc4eb8a1edf1"", ""unexpected_commit:b176105d28dbd169903722ef267fcd3871fa399a"", ""unexpected_commit:2a5499fb1f8d2e556fcf4f07fb771cec32c397c4"", ""unexpected_commit:1446fe22407e11affd1a4fd027708298d7a2e3c0"", ""unexpected_commit:9abfd10cf83ca280231875a84e810a0fd2c2cdc9"", ""unexpected_commit:b235411b5c249e78f19b0e80a6ba9bfeb6ba36da"", ""unexpected_commit:406d31ca17bfb45945402ac266e0b88b7c0889a6"", ""unexpected_commit:00196d3d007f42d48b07033fd2cf496162d6cf1f"", ""unexpected_commit:72bc01db647cd8a0e4c3e39e70e4edaef84422e4"", ""unexpected_commit:30ea72ca30767639f87571529419a8e2cebc9417"", ""unexpected_commit:65c5f0ae29770ced643b11b85243b27fbeca90e5"", ""unexpected_commit:d915e49bdad2a261d07328c66fb60b9af482ded7"", ""unexpected_commit:259f0d161544b424a5dfb33c665da5d6b9165d96"", ""unexpected_commit:1ef4446a1cabc116e72760a1153ef5bc22920c94"", ""unexpected_commit:62afdc81f096e5b8726102f195518b5caf988c1d"", ""unexpected_commit:ba6be5106d4169fa7614fa456122397cee00f6d5"", ""unexpected_commit:07e0e106d5cccb909664df8c61a221450557c69e"", ""unexpected_commit:8a78712facaac54ba9cf7c677fa11f8b8efbb00d"", ""unexpected_commit:81ab8fbc7fc8223a78334fc36e8729bbd55782ef"", ""unexpected_commit:4a57f276f01bcca2136fc17dd97864b2f98e8d87"", ""unexpected_commit:84dcc17cf2a4dcbf20c893bc3f0fd8f7f5befc96"", ""unexpected_commit:126a6dd4d24687e7ac2b5d00c1039d3010576bd8"", ""unexpected_commit:2527a335aceb72b0b155bb588c0b3039f6380cf3"", ""unexpected_commit:80c7a048b5f0c84d33b0007ccdd6ac4fbd8a7ae6"", ""unexpected_commit:52dedae024855bb4017b6426b0ed735d64f9db32"", ""unexpected_commit:9a0031fab2b3b1c3528bb561032d5b080b81778c"", ""unexpected_commit:e84be5db32efb34049b86d9f5860e5c3228a0834"", ""unexpected_commit:b0d35a0fb7b969c0b0e19f1077a23489ec969bb0"", ""unexpected_commit:6765012c55cbfa47b98c5977b1f41dba96aeb535"", ""unexpected_commit:9c3606886be1c050f4dbe68583836654b1653b87"", ""unexpected_commit:cc44e4df685a2c14f9f4ceec00f95df3569eed22"", ""unexpected_commit:b47ec000344fbda3badc677347ff132954a5e00d"", ""unexpected_commit:b05f8f47aabb05dfc8fd38b9f2a9ad8bff29e1eb"", ""unexpected_commit:9f7cae14dfbf0200786cf6ecf5aa50a9eae1c0d8"", ""unexpected_commit:a6f42ab4b805c09694892c30a847ac868d912e0e"", ""unexpected_commit:73b55207b5c38e1ea0a4dd3a4645df5f5a86f841"", ""unexpected_commit:cefdb1a7b941e9a2ebceefff8f0a9f430a2dce6b"", ""unexpected_commit:c94ea1f9e3f28a2d3c2334fa1684050d434c39ce"", ""unexpected_commit:12b39d5ab506167a1bda13807f17732bf18f921e"", ""unexpected_commit:2b4598c2ab7c57392f01a930fca6139d02fe5dec"", ""unexpected_commit:c11650c147ee9c61ad49fef62b7f332f10d086a1"", ""unexpected_commit:2d56b6c67e7a425f2ad954cc6b79cf5e8e32783b"", ""unexpected_commit:2dc75fa4c01d53d3d8eece05f3c0ab4e86f71cf8"", ""unexpected_commit:62ad66ebb17c6be946635cc459542130be545ce8"", ""unexpected_commit:398c515d99f0325419309887773bcd07b7a749e8""]",False
fixed_hybrid_rag,structure-002,results\final_evaluation\fixed_hybrid_rag_results.csv,1.0,0,[],"[""airflow-core/docs/core-concepts/task-and-asset-state-store.rst"", ""airflow-core/docs/core-concepts/task-state-store.rst"", ""airflow-core/docs/core-concepts/taskflow.rst"", ""airflow-core/docs/core-concepts/tasks.rst"", ""airflow-core/docs/core-concepts/variables.rst"", ""airflow-core/docs/core-concepts/xcoms.rst""]",[],False
fixed_hybrid_rag,code_retrieval-003,results\final_evaluation\fixed_hybrid_rag_results.csv,1.0,0,[],"[""airflow-core/src/airflow/api_fastapi/core_api/services/public/task_instances.py"", ""airflow-core/src/airflow/configuration.py"", ""airflow-core/src/airflow/utils/orm_event_handlers.py"", ""devel-common/src/tests_common/test_utils/perf/perf_kit/sqlalchemy.py"", ""java-sdk/adr/0003-pure-java-dags.md"", ""java-sdk/sdk/src/main/kotlin/org/apache/airflow/sdk/execution/Client.kt"", ""java-sdk/sdk/src/main/kotlin/org/apache/airflow/sdk/execution/Frame.kt"", ""java-sdk/sdk/src/test/kotlin/org/apache/airflow/sdk/ClientTest.kt"", ""java-sdk/sdk/src/test/kotlin/org/apache/airflow/sdk/ContextTest.kt"", ""java-sdk/sdk/src/test/kotlin/org/apache/airflow/sdk/execution/TaskTest.kt"", ""providers/alibaba/src/airflow/providers/alibaba/cloud/hooks/oss.py"", ""providers/common/sql/src/airflow/providers/common/sql/operators/sql.py"", ""providers/fab/src/airflow/providers/fab/auth_manager/api_fastapi/routes/login.py"", ""providers/fab/src/airflow/providers/fab/auth_manager/api_fastapi/services/users.py"", ""providers/fab/src/airflow/providers/fab/www/extensions/init_appbuilder.py"", ""providers/fab/src/airflow/providers/fab/www/static/js/main.js"", ""providers/google/src/airflow/providers/google/cloud/hooks/kubernetes_engine.py"", ""scripts/ci/analyze_ci_job_durations.py"", ""scripts/ci/prek/check_metrics_synced_with_the_registry.py"", ""shared/listeners/src/airflow_shared/listeners/listener.py""]",[],False
fixed_hybrid_rag,code_retrieval-005,results\final_evaluation\fixed_hybrid_rag_results.csv,1.0,0,[],"[""airflow-core/src/airflow/ui/src/components/AssetExpression/AssetNode.tsx"", ""airflow-core/src/airflow/ui/src/components/Banner/BackfillBanner.tsx"", ""airflow-core/src/airflow/ui/src/components/BreadcrumbStats.tsx"", ""airflow-core/src/airflow/ui/src/components/DagActions/FavoriteDagButton.tsx"", ""airflow-core/src/airflow/ui/src/components/DagRunInfo.tsx"", ""airflow-core/src/airflow/ui/src/components/DagVersion.tsx"", ""airflow-core/src/airflow/ui/src/components/FlexibleForm/FlexibleForm.tsx"", ""airflow-core/src/airflow/ui/src/components/Graph/TaskNode.tsx"", ""airflow-core/src/airflow/ui/src/components/MarkdownModal.tsx"", ""airflow-core/src/airflow/ui/src/components/NeedsReviewButton.tsx"", ""airflow-core/src/airflow/ui/src/components/PresetFiltersMenu.tsx"", ""airflow-core/src/airflow/ui/src/components/SearchBar.tsx"", ""airflow-core/src/airflow/ui/src/components/StateBadge.tsx"", ""airflow-core/src/airflow/ui/src/components/StatsCard.tsx"", ""airflow-core/src/airflow/ui/src/components/TaskName.tsx"", ""airflow-core/src/airflow/ui/src/components/ui/Checkbox.tsx"", ""airflow-core/src/airflow/ui/src/components/ui/Clipboard.tsx"", ""airflow-core/src/airflow/ui/src/components/ui/LazyClipboard.tsx"", ""airflow-core/src/airflow/ui/src/components/ui/RadioCard.tsx"", ""airflow-core/src/airflow/ui/src/components/ui/Toaster/Toaster.tsx"", ""airflow-core/src/airflow/ui/src/layouts/BaseLayout.tsx"", ""airflow-core/src/airflow/ui/src/layouts/Details/DetailsLayout.tsx"", ""airflow-core/src/airflow/ui/src/layouts/Details/Grid/Bar.tsx"", ""airflow-core/src/airflow/ui/src/layouts/Details/PanelButtons.tsx"", ""airflow-core/src/airflow/ui/src/layouts/Nav/NavButton.tsx"", ""airflow-core/src/airflow/ui/src/pages/Asset/Header.tsx"", ""airflow-core/src/airflow/ui/src/pages/AssetsList/AssetsList.tsx"", ""airflow-core/src/airflow/ui/src/pages/Connections/ConnectionStandardFields.tsx"", ""airflow-core/src/airflow/ui/src/pages/Connections/Connections.tsx"", ""airflow-core/src/airflow/ui/src/pages/Dag/Calendar/CalendarCell.tsx"", ""airflow-core/src/airflow/ui/src/pages/Dag/DeadlineAlertsBadge.tsx"", ""airflow-core/src/airflow/ui/src/pages/Dag/Header.tsx"", ""airflow-core/src/airflow/ui/src/pages/Dag/Overview/AllDeadlinesModal.tsx"", ""airflow-core/src/airflow/ui/src/pages/Dag/Overview/DagDeadlines.tsx"", ""airflow-core/src/airflow/ui/src/pages/Dag/Overview/DeadlineRow.tsx"", ""airflow-core/src/airflow/ui/src/pages/Dag/Overview/Overview.tsx"", ""airflow-core/src/airflow/ui/src/pages/DagRuns/DagRuns.tsx"", ""airflow-core/src/airflow/ui/src/pages/DagsList/DagsFilters/RunStateSelect.tsx"", ""airflow-core/src/airflow/ui/src/pages/DagsList/DagsList.tsx"", ""airflow-core/src/airflow/ui/src/pages/Dashboard/Deadlines/DeadlineSection.tsx"", ""airflow-core/src/airflow/ui/src/pages/Dashboard/Stats/DagImportErrors.tsx"", ""airflow-core/src/airflow/ui/src/pages/Dashboard/Stats/PluginImportErrors.tsx"", ""airflow-core/src/airflow/ui/src/pages/Dashboard/Stats/Stats.tsx"", ""airflow-core/src/airflow/ui/src/pages/Deadlines/index.tsx"", ""airflow-core/src/airflow/ui/src/pages/GroupTaskInstance/GroupTaskInstance.tsx"", ""airflow-core/src/airflow/ui/src/pages/GroupTaskInstance/Header.tsx"", ""airflow-core/src/airflow/ui/src/pages/HITLTaskInstances/HITLTaskInstances.tsx"", ""airflow-core/src/airflow/ui/src/pages/Jobs.tsx"", ""airflow-core/src/airflow/ui/src/pages/MappedTaskInstance/Header.tsx"", ""airflow-core/src/airflow/ui/src/pages/MappedTaskInstance/MappedTaskInstance.tsx"", ""airflow-core/src/airflow/ui/src/pages/Plugins.tsx"", ""airflow-core/src/airflow/ui/src/pages/Pools/PoolBarCard.tsx"", ""airflow-core/src/airflow/ui/src/pages/Providers.tsx"", ""airflow-core/src/airflow/ui/src/pages/ReactPlugin.tsx"", ""airflow-core/src/airflow/ui/src/pages/Run/DeadlineStatus.tsx"", ""airflow-core/src/airflow/ui/src/pages/Run/DeadlineStatusModal.tsx"", ""airflow-core/src/airflow/ui/src/pages/Run/Details.tsx"", ""airflow-core/src/airflow/ui/src/pages/Run/Header.tsx"", ""airflow-core/src/airflow/ui/src/pages/Run/Run.tsx"", ""airflow-core/src/airflow/ui/src/pages/Task/GroupTaskHeader.tsx"", ""airflow-core/src/airflow/ui/src/pages/Task/Header.tsx"", ""airflow-core/src/airflow/ui/src/pages/Task/Task.tsx"", ""airflow-core/src/airflow/ui/src/pages/TaskInstance/Header.tsx"", ""airflow-core/src/airflow/ui/src/pages/TaskInstance/Logs/LogSearchInput.tsx"", ""airflow-core/src/airflow/ui/src/pages/TaskInstance/Logs/ScrollToButton.tsx"", ""airflow-core/src/airflow/ui/src/pages/TaskInstances/TaskInstances.tsx"", ""airflow-core/src/airflow/ui/src/pages/Variables/Variables.tsx"", ""providers/edge3/src/airflow/providers/edge3/plugins/www/src/components/SearchBar.tsx"", ""providers/edge3/src/airflow/providers/edge3/plugins/www/src/components/StateBadge.tsx"", ""providers/edge3/src/airflow/providers/edge3/plugins/www/src/components/WorkerStateBadge.tsx"", ""providers/edge3/src/airflow/providers/edge3/plugins/www/src/components/ui/CloseButton.tsx"", ""providers/edge3/src/airflow/providers/edge3/plugins/www/src/components/ui/toaster.tsx"", ""providers/edge3/src/airflow/providers/edge3/plugins/www/src/layouts/EdgeLayout.tsx""]",[],False
fixed_hybrid_rag,structure-021,results\final_evaluation\fixed_hybrid_rag_results.csv,1.0,0,[],"[""airflow-core/src/airflow/utils/helpers.py"", ""airflow-core/src/airflow/utils/json.py"", ""airflow-core/src/airflow/utils/log/__init__.py"", ""airflow-core/src/airflow/utils/log/action_logger.py"", ""airflow-core/src/airflow/utils/log/colored_log.py"", ""airflow-core/src/airflow/utils/log/file_processor_handler.py"", ""airflow-core/src/airflow/utils/log/file_task_handler.py"", ""airflow-core/src/airflow/utils/log/json_formatter.py"", ""airflow-core/src/airflow/utils/log/log_reader.py"", ""airflow-core/src/airflow/utils/log/log_stream_accumulator.py"", ""airflow-core/src/airflow/utils/log/logging_mixin.py"", ""airflow-core/src/airflow/utils/log/non_caching_file_handler.py"", ""airflow-core/src/airflow/utils/log/task_handler_with_custom_formatter.py"", ""airflow-core/src/airflow/utils/log/timezone_aware.py"", ""airflow-core/src/airflow/utils/memray_utils.py"", ""airflow-core/src/airflow/utils/net.py"", ""airflow-core/src/airflow/utils/operator_helpers.py"", ""airflow-core/src/airflow/utils/orm_event_handlers.py"", ""airflow-core/src/airflow/utils/platform.py"", ""airflow-core/src/airflow/utils/process_utils.py"", ""airflow-core/src/airflow/utils/providers_configuration_loader.py"", ""airflow-core/src/airflow/utils/retries.py"", ""airflow-core/src/airflow/utils/scheduler_health.py"", ""airflow-core/src/airflow/utils/serve_logs/__init__.py"", ""airflow-core/src/airflow/utils/serve_logs/core.py"", ""airflow-core/src/airflow/utils/serve_logs/log_server.py"", ""airflow-core/src/airflow/utils/session.py"", ""airflow-core/src/airflow/utils/sqlalchemy.py"", ""airflow-core/src/airflow/utils/state.py"", ""airflow-core/src/airflow/utils/strings.py"", ""airflow-core/src/airflow/utils/thread_safe_dict.py"", ""airflow-core/src/airflow/utils/types.py"", ""airflow-core/src/airflow/utils/yaml.py""]",[],False
fixed_hybrid_rag,structure-011,results\final_evaluation\fixed_hybrid_rag_results.csv,1.0,0,[],"[""airflow-core/newsfragments/61153.significant.rst"", ""airflow-core/newsfragments/61274.improvement.rst"", ""airflow-core/newsfragments/62055.significant.rst"", ""airflow-core/newsfragments/62343.feature.rst"", ""airflow-core/newsfragments/62344.feature.rst"", ""airflow-core/newsfragments/62369.significant.rst"", ""airflow-core/newsfragments/62487.significant.rst"", ""airflow-core/newsfragments/62561.bugfix.rst"", ""airflow-core/newsfragments/62964.bugfix.rst"", ""airflow-core/newsfragments/63141.bugfix.rst"", ""airflow-core/newsfragments/63205.bugfix.rst"", ""airflow-core/newsfragments/63266.bugfix.rst"", ""airflow-core/newsfragments/63296.significant.rst"", ""airflow-core/newsfragments/63312.feature.rst"", ""airflow-core/newsfragments/63365.significant.rst"", ""airflow-core/newsfragments/63452.significant.rst"", ""airflow-core/newsfragments/63664.bugfix.rst"", ""airflow-core/newsfragments/63878.bugfix.rst"", ""airflow-core/newsfragments/63884.significant.rst"", ""airflow-core/newsfragments/64067.bugfix.rst"", ""airflow-core/newsfragments/64207.significant.rst"", ""airflow-core/newsfragments/64232.feature.rst"", ""airflow-core/newsfragments/64503.bugfix.rst"", ""airflow-core/newsfragments/64552.improvement.rst"", ""airflow-core/newsfragments/64563.feature.rst"", ""airflow-core/newsfragments/64571.significant.rst"", ""airflow-core/newsfragments/64751.feature.rst"", ""airflow-core/newsfragments/64822.significant.rst"", ""airflow-core/newsfragments/65269.significant.rst"", ""airflow-core/newsfragments/65346.significant.rst"", ""airflow-core/newsfragments/65422.bugfix.rst"", ""airflow-core/newsfragments/65590.feature.rst"", ""airflow-core/newsfragments/66015.significant.rst"", ""airflow-core/newsfragments/66030.feature.rst"", ""airflow-core/newsfragments/66161.significant.rst"", ""airflow-core/newsfragments/66210.bugfix.rst"", ""airflow-core/newsfragments/66412.significant.rst"", ""airflow-core/newsfragments/66499.significant.rst"", ""airflow-core/newsfragments/66584.feature.rst"", ""airflow-core/newsfragments/66737.significant.rst"", ""airflow-core/newsfragments/66807.feature.rst"", ""airflow-core/newsfragments/66848.feature.rst"", ""airflow-core/newsfragments/67056.significant.rst"", ""airflow-core/newsfragments/67164.significant.rst"", ""airflow-core/newsfragments/67184.feature.rst"", ""airflow-core/newsfragments/67285.feature.rst"", ""airflow-core/newsfragments/67288.improvement.rst"", ""airflow-core/newsfragments/67475.feature.rst"", ""airflow-core/newsfragments/67494.significant.rst"", ""airflow-core/newsfragments/67523.feature.rst"", ""airflow-core/newsfragments/67586.significant.rst"", ""airflow-core/newsfragments/67684.bugfix.rst"", ""airflow-core/newsfragments/67688.improvement.rst"", ""airflow-core/newsfragments/67716.feature.rst"", ""airflow-core/newsfragments/67868.bugfix.rst"", ""airflow-core/newsfragments/67873.bugfix.rst"", ""airflow-core/newsfragments/67927.feature.rst"", ""airflow-core/newsfragments/68028.feature.rst"", ""airflow-core/newsfragments/68266.bugfix.rst"", ""airflow-core/newsfragments/68314.improvement.rst"", ""airflow-core/newsfragments/68496.significant.rst"", ""airflow-core/newsfragments/68548.feature.rst"", ""airflow-core/newsfragments/68741.bugfix.rst"", ""airflow-core/newsfragments/68749.bugfix.rst"", ""airflow-core/newsfragments/68791.improvement.rst"", ""airflow-core/newsfragments/68888.feature.rst"", ""airflow-core/newsfragments/69075.bugfix.rst"", ""airflow-core/newsfragments/69143.bugfix.rst"", ""airflow-core/newsfragments/continuous-optional-start-date.improvement.rst""]",[],False
fixed_hybrid_rag,structure-034,results\final_evaluation\fixed_hybrid_rag_results.csv,1.0,0,[],"[""airflow-core/src/airflow/example_dags/example_latest_only_with_trigger.py"", ""airflow-core/src/airflow/example_dags/example_local_kubernetes_executor.py"", ""airflow-core/src/airflow/example_dags/example_nested_branch_dag.py"", ""airflow-core/src/airflow/example_dags/example_outlet_event_extra.py"", ""airflow-core/src/airflow/example_dags/example_params_trigger_ui.py"", ""airflow-core/src/airflow/example_dags/example_params_ui_tutorial.py"", ""airflow-core/src/airflow/example_dags/example_passing_params_via_test_command.py"", ""airflow-core/src/airflow/example_dags/example_retry_policy.py"", ""airflow-core/src/airflow/example_dags/example_setup_teardown.py"", ""airflow-core/src/airflow/example_dags/example_setup_teardown_taskflow.py"", ""airflow-core/src/airflow/example_dags/example_simplest_dag.py"", ""airflow-core/src/airflow/example_dags/example_skip_dag.py"", ""airflow-core/src/airflow/example_dags/example_task_group.py"", ""airflow-core/src/airflow/example_dags/example_task_group_decorator.py"", ""airflow-core/src/airflow/example_dags/example_task_state_store.py"", ""airflow-core/src/airflow/example_dags/example_task_state_store_mapped.py"", ""airflow-core/src/airflow/example_dags/example_time_delta_sensor_async.py"", ""airflow-core/src/airflow/example_dags/example_trigger_target_dag.py"", ""airflow-core/src/airflow/example_dags/example_workday_timetable.py"", ""airflow-core/src/airflow/example_dags/example_xcom.py"", ""airflow-core/src/airflow/example_dags/example_xcomargs.py"", ""airflow-core/src/airflow/example_dags/libs/__init__.py"", ""airflow-core/src/airflow/example_dags/libs/helper.py"", ""airflow-core/src/airflow/example_dags/plugins/__init__.py"", ""airflow-core/src/airflow/example_dags/plugins/business_day_window.py"", ""airflow-core/src/airflow/example_dags/plugins/custom_partition_mapper.py"", ""airflow-core/src/airflow/example_dags/plugins/custom_partition_timetable.py"", ""airflow-core/src/airflow/example_dags/plugins/decreasing_priority_weight_strategy.py"", ""airflow-core/src/airflow/example_dags/plugins/event_listener.py"", ""airflow-core/src/airflow/example_dags/plugins/listener_plugin.py"", ""airflow-core/src/airflow/example_dags/plugins/workday.py"", ""airflow-core/src/airflow/example_dags/tutorial.py"", ""airflow-core/src/airflow/example_dags/tutorial_dag.py"", ""airflow-core/src/airflow/example_dags/tutorial_objectstorage.py"", ""airflow-core/src/airflow/example_dags/tutorial_taskflow_api.py"", ""airflow-core/src/airflow/example_dags/tutorial_taskflow_api_virtualenv.py"", ""airflow-core/src/airflow/example_dags/tutorial_taskflow_templates.py""]",[],False
fixed_hybrid_rag,structure-013,results\final_evaluation\fixed_hybrid_rag_results.csv,1.0,0,[],"[""airflow-core/src/airflow/ui/src/queries/useDagParams.ts"", ""airflow-core/src/airflow/ui/src/queries/useDagParsing.ts"", ""airflow-core/src/airflow/ui/src/queries/useDagRunNote.ts"", ""airflow-core/src/airflow/ui/src/queries/useDagTagsInfinite.ts"", ""airflow-core/src/airflow/ui/src/queries/useDeadlines.ts"", ""airflow-core/src/airflow/ui/src/queries/useDeleteConnection.ts"", ""airflow-core/src/airflow/ui/src/queries/useDeleteDag.ts"", ""airflow-core/src/airflow/ui/src/queries/useDeleteDagRun.ts"", ""airflow-core/src/airflow/ui/src/queries/useDeletePool.ts"", ""airflow-core/src/airflow/ui/src/queries/useDeleteTaskInstance.ts"", ""airflow-core/src/airflow/ui/src/queries/useDeleteVariable.ts"", ""airflow-core/src/airflow/ui/src/queries/useDependencyGraph.ts"", ""airflow-core/src/airflow/ui/src/queries/useEditPool.ts"", ""airflow-core/src/airflow/ui/src/queries/useEditVariable.ts"", ""airflow-core/src/airflow/ui/src/queries/useGridRuns.ts"", ""airflow-core/src/airflow/ui/src/queries/useGridStructure.ts"", ""airflow-core/src/airflow/ui/src/queries/useGridTISummaries.ts"", ""airflow-core/src/airflow/ui/src/queries/useImportVariables.ts"", ""airflow-core/src/airflow/ui/src/queries/useNoteEditor.ts"", ""airflow-core/src/airflow/ui/src/queries/useParamStore.ts"", ""airflow-core/src/airflow/ui/src/queries/usePatchDagRun.ts"", ""airflow-core/src/airflow/ui/src/queries/usePatchTaskGroup.ts"", ""airflow-core/src/airflow/ui/src/queries/usePatchTaskGroupDryRun.ts"", ""airflow-core/src/airflow/ui/src/queries/usePatchTaskInstance.ts"", ""airflow-core/src/airflow/ui/src/queries/usePatchTaskInstanceDryRun.ts"", ""airflow-core/src/airflow/ui/src/queries/useRefreshOnNewDagRuns.ts"", ""airflow-core/src/airflow/ui/src/queries/useStoreMutation.ts"", ""airflow-core/src/airflow/ui/src/queries/useTaskInstanceNote.ts"", ""airflow-core/src/airflow/ui/src/queries/useTestConnection.ts"", ""airflow-core/src/airflow/ui/src/queries/useToggleFavoriteDag.ts"", ""airflow-core/src/airflow/ui/src/queries/useTogglePause.ts"", ""airflow-core/src/airflow/ui/src/queries/useTrigger.ts"", ""airflow-core/src/airflow/ui/src/queries/useUpdateHITLDetail.ts""]",[],False
fixed_hybrid_rag,code_retrieval-018,results\final_evaluation\fixed_hybrid_rag_results.csv,1.0,0,[],"[""airflow-core/src/airflow/api_fastapi/auth/managers/simple/ui/openapi-gen/requests/core/serverSentEvents.gen.ts"", ""airflow-core/src/airflow/ui/src/hooks/useSelectedVersion.ts"", ""airflow-core/src/airflow/ui/src/layouts/Details/DagBreadcrumb.tsx"", ""airflow-core/src/airflow/ui/src/pages/Asset/AssetEvents.tsx"", ""airflow-core/src/airflow/ui/src/pages/Asset/AssetStateStore/AssetStateStore.tsx"", ""airflow-core/src/airflow/ui/src/pages/Dag/Overview/Overview.tsx"", ""airflow-core/src/airflow/ui/src/pages/Events/Events.tsx"", ""airflow-core/src/airflow/ui/src/pages/TaskInstance/AssetEvents.tsx"", ""airflow-core/src/airflow/ui/src/pages/TaskInstance/Details.tsx"", ""airflow-core/src/airflow/ui/src/pages/TaskInstance/ExtraLinks.tsx"", ""airflow-core/src/airflow/ui/src/pages/TaskInstance/HITLResponse.tsx"", ""airflow-core/src/airflow/ui/src/pages/TaskInstance/Logs/Logs.tsx"", ""airflow-core/src/airflow/ui/src/pages/TaskInstance/TaskInstance.tsx"", ""airflow-core/src/airflow/ui/src/pages/TaskStateStore/TaskStateStore.tsx"", ""airflow-core/src/airflow/ui/tests/e2e/pages/BackfillPage.ts"", ""airflow-core/src/airflow/ui/tests/e2e/pages/HomePage.ts"", ""providers/edge3/src/airflow/providers/edge3/plugins/www/src/components/WorkerConcurrencyButton.tsx"", ""registry/src/_data/statsData.js""]",[],False
fixed_hybrid_rag,structure-019,results\final_evaluation\fixed_hybrid_rag_results.csv,1.0,0,[],"[""airflow-core/tests/unit/dags/test_dag_test_with_dynamic_trigger.py"", ""airflow-core/tests/unit/dags/test_dag_test_with_trigger.py"", ""airflow-core/tests/unit/dags/test_dag_version_inflation_check.py"", ""airflow-core/tests/unit/dags/test_dag_warnings.py"", ""airflow-core/tests/unit/dags/test_dag_with_no_tags.py"", ""airflow-core/tests/unit/dags/test_dag_xcom_openlineage.py"", ""airflow-core/tests/unit/dags/test_dagrun_fast_follow.py"", ""airflow-core/tests/unit/dags/test_default_impersonation.py"", ""airflow-core/tests/unit/dags/test_double_trigger.py"", ""airflow-core/tests/unit/dags/test_example_bash_operator.py"", ""airflow-core/tests/unit/dags/test_external_task_sensor_check_existense.py"", ""airflow-core/tests/unit/dags/test_failing.py"", ""airflow-core/tests/unit/dags/test_future_start_date.py"", ""airflow-core/tests/unit/dags/test_heartbeat_failed_fast.py"", ""airflow-core/tests/unit/dags/test_impersonation.py"", ""airflow-core/tests/unit/dags/test_imports.py"", ""airflow-core/tests/unit/dags/test_invalid_cron.py"", ""airflow-core/tests/unit/dags/test_invalid_dup_task.py"", ""airflow-core/tests/unit/dags/test_invalid_param.py"", ""airflow-core/tests/unit/dags/test_invalid_param2.py"", ""airflow-core/tests/unit/dags/test_invalid_param3.py"", ""airflow-core/tests/unit/dags/test_invalid_param4.py"", ""airflow-core/tests/unit/dags/test_latest_runs.py"", ""airflow-core/tests/unit/dags/test_logging_in_dag.py"", ""airflow-core/tests/unit/dags/test_mapped_classic.py"", ""airflow-core/tests/unit/dags/test_mapped_taskflow.py"", ""airflow-core/tests/unit/dags/test_mark_state.py"", ""airflow-core/tests/unit/dags/test_miscellaneous.py"", ""airflow-core/tests/unit/dags/test_missing_owner.py"", ""airflow-core/tests/unit/dags/test_multiple_dags.py"", ""airflow-core/tests/unit/dags/test_no_impersonation.py"", ""airflow-core/tests/unit/dags/test_on_failure_callback.py"", ""airflow-core/tests/unit/dags/test_on_kill.py"", ""airflow-core/tests/unit/dags/test_only_empty_tasks.py"", ""airflow-core/tests/unit/dags/test_parsing_context.py"", ""airflow-core/tests/unit/dags/test_scheduler_dags.py"", ""airflow-core/tests/unit/dags/test_sensor.py"", ""airflow-core/tests/unit/dags/test_task_view_type_check.py"", ""airflow-core/tests/unit/dags/test_valid_param.py"", ""airflow-core/tests/unit/dags/test_valid_param2.py"", ""airflow-core/tests/unit/dags/test_with_non_default_owner.py"", ""airflow-core/tests/unit/dags/test_zip/file_no_airflow_dag.py"", ""airflow-core/tests/unit/dags/test_zip/test_zip.py"", ""airflow-core/tests/unit/dags/test_zip/test_zip_module/__init__.py"", ""airflow-core/tests/unit/dags/test_zip/test_zip_module/test.py""]",[],False
fixed_hybrid_rag,structure-017,results\final_evaluation\fixed_hybrid_rag_results.csv,1.0,0,[],"[""airflow-core/src/airflow/api_fastapi/core_api/datamodels/monitor.py"", ""airflow-core/src/airflow/api_fastapi/core_api/datamodels/plugins.py"", ""airflow-core/src/airflow/api_fastapi/core_api/datamodels/pools.py"", ""airflow-core/src/airflow/api_fastapi/core_api/datamodels/providers.py"", ""airflow-core/src/airflow/api_fastapi/core_api/datamodels/task_instance_history.py"", ""airflow-core/src/airflow/api_fastapi/core_api/datamodels/task_instances.py"", ""airflow-core/src/airflow/api_fastapi/core_api/datamodels/task_state_store.py"", ""airflow-core/src/airflow/api_fastapi/core_api/datamodels/tasks.py"", ""airflow-core/src/airflow/api_fastapi/core_api/datamodels/trigger.py"", ""airflow-core/src/airflow/api_fastapi/core_api/datamodels/ui/__init__.py"", ""airflow-core/src/airflow/api_fastapi/core_api/datamodels/ui/assets.py"", ""airflow-core/src/airflow/api_fastapi/core_api/datamodels/ui/auth.py"", ""airflow-core/src/airflow/api_fastapi/core_api/datamodels/ui/calendar.py"", ""airflow-core/src/airflow/api_fastapi/core_api/datamodels/ui/common.py"", ""airflow-core/src/airflow/api_fastapi/core_api/datamodels/ui/config.py"", ""airflow-core/src/airflow/api_fastapi/core_api/datamodels/ui/dag_runs.py"", ""airflow-core/src/airflow/api_fastapi/core_api/datamodels/ui/dags.py"", ""airflow-core/src/airflow/api_fastapi/core_api/datamodels/ui/dashboard.py"", ""airflow-core/src/airflow/api_fastapi/core_api/datamodels/ui/deadline.py"", ""airflow-core/src/airflow/api_fastapi/core_api/datamodels/ui/gantt.py"", ""airflow-core/src/airflow/api_fastapi/core_api/datamodels/ui/grid.py"", ""airflow-core/src/airflow/api_fastapi/core_api/datamodels/ui/partitioned_dag_runs.py"", ""airflow-core/src/airflow/api_fastapi/core_api/datamodels/ui/structure.py"", ""airflow-core/src/airflow/api_fastapi/core_api/datamodels/ui/teams.py"", ""airflow-core/src/airflow/api_fastapi/core_api/datamodels/variables.py"", ""airflow-core/src/airflow/api_fastapi/core_api/datamodels/version.py"", ""airflow-core/src/airflow/api_fastapi/core_api/datamodels/xcom.py""]",[],False
fixed_hybrid_rag,structure-027,results\final_evaluation\fixed_hybrid_rag_results.csv,1.0,0,[],"[""airflow-core/src/airflow/ui/src/components/FlexibleForm/Row.tsx"", ""airflow-core/src/airflow/ui/src/components/FlexibleForm/index.tsx"", ""airflow-core/src/airflow/ui/src/components/FlexibleForm/isParamRequired.tsx""]",[],False
fixed_hybrid_rag,structure-012,results\final_evaluation\fixed_hybrid_rag_results.csv,1.0,0,[],"[""airflow-core/tests/unit/api_fastapi/common/test_dagbag.py"", ""airflow-core/tests/unit/api_fastapi/common/test_exceptions.py"", ""airflow-core/tests/unit/api_fastapi/common/test_http_access_log.py"", ""airflow-core/tests/unit/api_fastapi/common/test_parameters.py"", ""airflow-core/tests/unit/api_fastapi/common/test_partition_helpers.py"", ""airflow-core/tests/unit/api_fastapi/common/test_types.py"", ""airflow-core/tests/unit/api_fastapi/common/test_uuid_serialization.py"", ""airflow-core/tests/unit/api_fastapi/conftest.py"", ""airflow-core/tests/unit/api_fastapi/core_api/__init__.py"", ""airflow-core/tests/unit/api_fastapi/core_api/datamodels/__init__.py"", ""airflow-core/tests/unit/api_fastapi/core_api/datamodels/test_common.py"", ""airflow-core/tests/unit/api_fastapi/core_api/datamodels/test_dag_run.py"", ""airflow-core/tests/unit/api_fastapi/core_api/datamodels/test_dags.py"", ""airflow-core/tests/unit/api_fastapi/core_api/datamodels/test_trigger.py"", ""airflow-core/tests/unit/api_fastapi/core_api/datamodels/test_ui_common.py"", ""airflow-core/tests/unit/api_fastapi/core_api/routes/__init__.py"", ""airflow-core/tests/unit/api_fastapi/core_api/routes/public/__init__.py"", ""airflow-core/tests/unit/api_fastapi/core_api/routes/public/test_asset_state_store.py"", ""airflow-core/tests/unit/api_fastapi/core_api/routes/public/test_assets.py"", ""airflow-core/tests/unit/api_fastapi/core_api/routes/public/test_auth.py"", ""airflow-core/tests/unit/api_fastapi/core_api/routes/public/test_backfills.py"", ""airflow-core/tests/unit/api_fastapi/core_api/routes/public/test_config.py"", ""airflow-core/tests/unit/api_fastapi/core_api/routes/public/test_connections.py"", ""airflow-core/tests/unit/api_fastapi/core_api/routes/public/test_dag_parsing.py"", ""airflow-core/tests/unit/api_fastapi/core_api/routes/public/test_dag_sources.py"", ""airflow-core/tests/unit/api_fastapi/core_api/routes/public/test_dag_stats.py"", ""airflow-core/tests/unit/api_fastapi/core_api/routes/public/test_dag_tags.py"", ""airflow-core/tests/unit/api_fastapi/core_api/routes/public/test_dag_versions.py"", ""airflow-core/tests/unit/api_fastapi/core_api/routes/public/test_dag_warning.py"", ""airflow-core/tests/unit/api_fastapi/core_api/routes/public/test_dags.py"", ""airflow-core/tests/unit/api_fastapi/core_api/routes/public/test_event_logs.py"", ""airflow-core/tests/unit/api_fastapi/core_api/routes/public/test_extra_links.py"", ""airflow-core/tests/unit/api_fastapi/core_api/routes/public/test_hitl.py"", ""airflow-core/tests/unit/api_fastapi/core_api/routes/public/test_import_error.py"", ""airflow-core/tests/unit/api_fastapi/core_api/routes/public/test_job.py"", ""airflow-core/tests/unit/api_fastapi/core_api/routes/public/test_log.py"", ""airflow-core/tests/unit/api_fastapi/core_api/routes/public/test_monitor.py"", ""airflow-core/tests/unit/api_fastapi/core_api/routes/public/test_plugins.py"", ""airflow-core/tests/unit/api_fastapi/core_api/routes/public/test_pools.py"", ""airflow-core/tests/unit/api_fastapi/core_api/routes/public/test_providers.py"", ""airflow-core/tests/unit/api_fastapi/core_api/routes/public/test_task_state_store.py"", ""airflow-core/tests/unit/api_fastapi/core_api/routes/public/test_tasks.py"", ""airflow-core/tests/unit/api_fastapi/core_api/routes/public/test_variables.py"", ""airflow-core/tests/unit/api_fastapi/core_api/routes/public/test_version.py"", ""airflow-core/tests/unit/api_fastapi/core_api/routes/public/test_xcom.py"", ""airflow-core/tests/unit/api_fastapi/core_api/routes/test_routes.py"", ""airflow-core/tests/unit/api_fastapi/core_api/routes/ui/__init__.py"", ""airflow-core/tests/unit/api_fastapi/core_api/routes/ui/test_assets.py"", ""airflow-core/tests/unit/api_fastapi/core_api/routes/ui/test_auth.py"", ""airflow-core/tests/unit/api_fastapi/core_api/routes/ui/test_backfills.py"", ""airflow-core/tests/unit/api_fastapi/core_api/routes/ui/test_calendar.py"", ""airflow-core/tests/unit/api_fastapi/core_api/routes/ui/test_config.py"", ""airflow-core/tests/unit/api_fastapi/core_api/routes/ui/test_connections.py"", ""airflow-core/tests/unit/api_fastapi/core_api/routes/ui/test_dags.py"", ""airflow-core/tests/unit/api_fastapi/core_api/routes/ui/test_dashboard.py"", ""airflow-core/tests/unit/api_fastapi/core_api/routes/ui/test_deadlines.py"", ""airflow-core/tests/unit/api_fastapi/core_api/routes/ui/test_dependencies.py"", ""airflow-core/tests/unit/api_fastapi/core_api/routes/ui/test_gantt.py"", ""airflow-core/tests/unit/api_fastapi/core_api/routes/ui/test_grid.py"", ""airflow-core/tests/unit/api_fastapi/core_api/routes/ui/test_partitioned_dag_runs.py"", ""airflow-core/tests/unit/api_fastapi/core_api/routes/ui/test_structure.py"", ""airflow-core/tests/unit/api_fastapi/core_api/routes/ui/test_teams.py"", ""airflow-core/tests/unit/api_fastapi/core_api/services/__init__.py"", ""airflow-core/tests/unit/api_fastapi/core_api/services/public/__init__.py"", ""airflow-core/tests/unit/api_fastapi/core_api/services/public/test_task_instances.py"", ""airflow-core/tests/unit/api_fastapi/core_api/services/ui/__init__.py"", ""airflow-core/tests/unit/api_fastapi/core_api/services/ui/test_connections.py"", ""airflow-core/tests/unit/api_fastapi/core_api/services/ui/test_grid.py"", ""airflow-core/tests/unit/api_fastapi/core_api/test_app.py"", ""airflow-core/tests/unit/api_fastapi/core_api/test_base.py"", ""airflow-core/tests/unit/api_fastapi/core_api/test_security.py"", ""airflow-core/tests/unit/api_fastapi/execution_api/__init__.py"", ""airflow-core/tests/unit/api_fastapi/execution_api/conftest.py"", ""airflow-core/tests/unit/api_fastapi/execution_api/routes/__init__.py"", ""airflow-core/tests/unit/api_fastapi/execution_api/routes/test_health_routes.py"", ""airflow-core/tests/unit/api_fastapi/execution_api/test_app.py"", ""airflow-core/tests/unit/api_fastapi/execution_api/test_security.py"", ""airflow-core/tests/unit/api_fastapi/execution_api/test_token_scope_boundaries.py"", ""airflow-core/tests/unit/api_fastapi/execution_api/versions/__init__.py"", ""airflow-core/tests/unit/api_fastapi/execution_api/versions/head/__init__.py""]",[],False
fixed_hybrid_rag,structure-004,results\final_evaluation\fixed_hybrid_rag_results.csv,1.0,0,[],"[""airflow-core/src/airflow/cli/commands/rotate_fernet_key_command.py"", ""airflow-core/src/airflow/cli/commands/scheduler_command.py"", ""airflow-core/src/airflow/cli/commands/standalone_command.py"", ""airflow-core/src/airflow/cli/commands/state_store_command.py"", ""airflow-core/src/airflow/cli/commands/task_command.py"", ""airflow-core/src/airflow/cli/commands/team_command.py"", ""airflow-core/src/airflow/cli/commands/triggerer_command.py"", ""airflow-core/src/airflow/cli/commands/variable_command.py"", ""airflow-core/src/airflow/cli/commands/version_command.py""]",[],False
fixed_hybrid_rag,code_retrieval-033,results\final_evaluation\fixed_hybrid_rag_results.csv,1.0,0,[],"[""airflow-core/tests/unit/models/test_connection.py"", ""providers/common/sql/tests/unit/common/sql/datafusion/test_engine.py"", ""task-sdk/tests/task_sdk/execution_time/test_context_cache.py""]",[],False
fixed_hybrid_rag,structure-005,results\final_evaluation\fixed_hybrid_rag_results.csv,1.0,0,[],"[""airflow-core/src/airflow/api_fastapi/core_api/routes/public/log.py"", ""airflow-core/src/airflow/api_fastapi/core_api/routes/public/monitor.py"", ""airflow-core/src/airflow/api_fastapi/core_api/routes/public/plugins.py"", ""airflow-core/src/airflow/api_fastapi/core_api/routes/public/pools.py"", ""airflow-core/src/airflow/api_fastapi/core_api/routes/public/providers.py"", ""airflow-core/src/airflow/api_fastapi/core_api/routes/public/task_instances.py"", ""airflow-core/src/airflow/api_fastapi/core_api/routes/public/task_state_store.py"", ""airflow-core/src/airflow/api_fastapi/core_api/routes/public/tasks.py"", ""airflow-core/src/airflow/api_fastapi/core_api/routes/public/variables.py"", ""airflow-core/src/airflow/api_fastapi/core_api/routes/public/version.py"", ""airflow-core/src/airflow/api_fastapi/core_api/routes/public/xcom.py""]",[],False
fixed_hybrid_rag,structure-003,results\final_evaluation\fixed_hybrid_rag_results.csv,1.0,0,[],"[""dev/breeze/doc/adr/0005-preventing-using-contributed-code-when-building-images.md"", ""dev/breeze/doc/adr/0006-using-root-user-and-fixing-ownership-for-ci-container.md"", ""dev/breeze/doc/adr/0007-using-database-volumes-for-backends.md"", ""dev/breeze/doc/adr/0008-fixing-group-permissions-before-build.md"", ""dev/breeze/doc/adr/0009-exclude-all-files-from-dockerignore-by-default.md"", ""dev/breeze/doc/adr/0010-use-pipx-to-install-breeze.md"", ""dev/breeze/doc/adr/0011-unified-communication-with-the-users.md"", ""dev/breeze/doc/adr/0012-asking-user-for-confirmation.md"", ""dev/breeze/doc/adr/0013-get-rid-of-submodules.md"", ""dev/breeze/doc/adr/0014-fix-root-ownership-after-exiting-docker-command.md"", ""dev/breeze/doc/adr/0015-handling-rootless-docker.md"", ""dev/breeze/doc/adr/0016-use-uv-tool-to-install-breeze.md"", ""dev/breeze/doc/adr/0017-use-uvx-to-run-breeze-from-local-sources.md"", ""dev/breeze/doc/ci/01_ci_environment.md"", ""dev/breeze/doc/ci/02_images.md"", ""dev/breeze/doc/ci/03_github_variables.md"", ""dev/breeze/doc/ci/04_selective_checks.md"", ""dev/breeze/doc/ci/05_workflows.md"", ""dev/breeze/doc/ci/06_debugging.md"", ""dev/breeze/doc/ci/07_running_ci_locally.md"", ""dev/breeze/doc/ci/README.md"", ""dev/ide_setup/AGENTS.md"", ""dev/mypy/README.md"", ""dev/react-plugin-tools/README.md"", ""dev/react-plugin-tools/react_plugin_template/README.md"", ""dev/skill-evals/README.md"", ""dev/system_tests/README.md""]",[],False
fixed_hybrid_rag,structure-008,results\final_evaluation\fixed_hybrid_rag_results.csv,1.0,0,[],"[""airflow-core/docs/administration-and-deployment/priority-weight.rst"", ""airflow-core/docs/administration-and-deployment/production-deployment.rst"", ""airflow-core/docs/administration-and-deployment/scheduler.rst"", ""airflow-core/docs/administration-and-deployment/task-and-asset-state-store-cleanup.rst"", ""airflow-core/docs/administration-and-deployment/task-and-asset-state-store.rst"", ""airflow-core/docs/administration-and-deployment/web-stack.rst""]",[],False
fixed_hybrid_rag,structure-023,results\final_evaluation\fixed_hybrid_rag_results.csv,1.0,0,[],"[""airflow-core/tests/unit/utils/test_email.py"", ""airflow-core/tests/unit/utils/test_event_scheduler.py"", ""airflow-core/tests/unit/utils/test_file.py"", ""airflow-core/tests/unit/utils/test_helpers.py"", ""airflow-core/tests/unit/utils/test_json.py"", ""airflow-core/tests/unit/utils/test_log_handlers.py"", ""airflow-core/tests/unit/utils/test_logging_mixin.py"", ""airflow-core/tests/unit/utils/test_memray_utils.py"", ""airflow-core/tests/unit/utils/test_net.py"", ""airflow-core/tests/unit/utils/test_operator_helpers.py"", ""airflow-core/tests/unit/utils/test_orm_event_handlers.py"", ""airflow-core/tests/unit/utils/test_process_utils.py"", ""airflow-core/tests/unit/utils/test_retries.py"", ""airflow-core/tests/unit/utils/test_scheduler_health.py"", ""airflow-core/tests/unit/utils/test_serve_logs.py"", ""airflow-core/tests/unit/utils/test_session.py"", ""airflow-core/tests/unit/utils/test_sqlalchemy.py"", ""airflow-core/tests/unit/utils/test_state.py"", ""airflow-core/tests/unit/utils/test_strings.py"", ""airflow-core/tests/unit/utils/test_task_group.py"", ""airflow-core/tests/unit/utils/test_timeout_traceback.py"", ""airflow-core/tests/unit/utils/test_trigger_rule.py"", ""airflow-core/tests/unit/utils/test_types.py""]",[],False
fixed_hybrid_rag,structure-007,results\final_evaluation\fixed_hybrid_rag_results.csv,1.0,0,[],"[""airflow-core/src/airflow/api_fastapi/auth/managers/simple/user.py"", ""airflow-core/src/airflow/api_fastapi/auth/managers/simple/utils.py"", ""airflow-core/src/airflow/api_fastapi/auth/middlewares/__init__.py"", ""airflow-core/src/airflow/api_fastapi/auth/middlewares/refresh_token.py"", ""airflow-core/src/airflow/api_fastapi/auth/tokens.py"", ""airflow-core/src/airflow/api_fastapi/common/__init__.py"", ""airflow-core/src/airflow/api_fastapi/common/cursors.py"", ""airflow-core/src/airflow/api_fastapi/common/dagbag.py"", ""airflow-core/src/airflow/api_fastapi/common/db/__init__.py"", ""airflow-core/src/airflow/api_fastapi/common/db/common.py"", ""airflow-core/src/airflow/api_fastapi/common/db/dag_runs.py"", ""airflow-core/src/airflow/api_fastapi/common/db/dags.py"", ""airflow-core/src/airflow/api_fastapi/common/db/task_instances.py"", ""airflow-core/src/airflow/api_fastapi/common/exceptions.py"", ""airflow-core/src/airflow/api_fastapi/common/headers.py"", ""airflow-core/src/airflow/api_fastapi/common/http_access_log.py"", ""airflow-core/src/airflow/api_fastapi/common/parameters.py"", ""airflow-core/src/airflow/api_fastapi/common/partition_helpers.py"", ""airflow-core/src/airflow/api_fastapi/common/router.py"", ""airflow-core/src/airflow/api_fastapi/common/types.py"", ""airflow-core/src/airflow/api_fastapi/compat.py"", ""airflow-core/src/airflow/api_fastapi/core_api/__init__.py"", ""airflow-core/src/airflow/api_fastapi/core_api/app.py"", ""airflow-core/src/airflow/api_fastapi/core_api/base.py"", ""airflow-core/src/airflow/api_fastapi/core_api/datamodels/__init__.py"", ""airflow-core/src/airflow/api_fastapi/core_api/datamodels/asset_state_store.py"", ""airflow-core/src/airflow/api_fastapi/core_api/datamodels/assets.py"", ""airflow-core/src/airflow/api_fastapi/core_api/datamodels/backfills.py"", ""airflow-core/src/airflow/api_fastapi/core_api/datamodels/common.py"", ""airflow-core/src/airflow/api_fastapi/core_api/datamodels/config.py"", ""airflow-core/src/airflow/api_fastapi/core_api/datamodels/connections.py"", ""airflow-core/src/airflow/api_fastapi/core_api/datamodels/dag_run.py"", ""airflow-core/src/airflow/api_fastapi/core_api/datamodels/dag_sources.py"", ""airflow-core/src/airflow/api_fastapi/core_api/datamodels/dag_stats.py"", ""airflow-core/src/airflow/api_fastapi/core_api/datamodels/dag_tags.py"", ""airflow-core/src/airflow/api_fastapi/core_api/datamodels/dag_versions.py"", ""airflow-core/src/airflow/api_fastapi/core_api/datamodels/dag_warning.py"", ""airflow-core/src/airflow/api_fastapi/core_api/datamodels/dags.py"", ""airflow-core/src/airflow/api_fastapi/core_api/datamodels/event_logs.py"", ""airflow-core/src/airflow/api_fastapi/core_api/datamodels/extra_links.py"", ""airflow-core/src/airflow/api_fastapi/core_api/datamodels/hitl.py"", ""airflow-core/src/airflow/api_fastapi/core_api/datamodels/import_error.py"", ""airflow-core/src/airflow/api_fastapi/core_api/datamodels/job.py"", ""airflow-core/src/airflow/api_fastapi/core_api/datamodels/log.py"", ""airflow-core/src/airflow/api_fastapi/core_api/datamodels/monitor.py"", ""airflow-core/src/airflow/api_fastapi/core_api/datamodels/plugins.py"", ""airflow-core/src/airflow/api_fastapi/core_api/datamodels/pools.py"", ""airflow-core/src/airflow/api_fastapi/core_api/datamodels/providers.py"", ""airflow-core/src/airflow/api_fastapi/core_api/datamodels/task_instance_history.py"", ""airflow-core/src/airflow/api_fastapi/core_api/datamodels/task_instances.py"", ""airflow-core/src/airflow/api_fastapi/core_api/datamodels/task_state_store.py"", ""airflow-core/src/airflow/api_fastapi/core_api/datamodels/tasks.py"", ""airflow-core/src/airflow/api_fastapi/core_api/datamodels/trigger.py"", ""airflow-core/src/airflow/api_fastapi/core_api/datamodels/ui/__init__.py"", ""airflow-core/src/airflow/api_fastapi/core_api/datamodels/ui/assets.py"", ""airflow-core/src/airflow/api_fastapi/core_api/datamodels/ui/auth.py"", ""airflow-core/src/airflow/api_fastapi/core_api/datamodels/ui/calendar.py"", ""airflow-core/src/airflow/api_fastapi/core_api/datamodels/ui/common.py"", ""airflow-core/src/airflow/api_fastapi/core_api/datamodels/ui/config.py"", ""airflow-core/src/airflow/api_fastapi/core_api/datamodels/ui/dag_runs.py"", ""airflow-core/src/airflow/api_fastapi/core_api/datamodels/ui/dags.py"", ""airflow-core/src/airflow/api_fastapi/core_api/datamodels/ui/dashboard.py"", ""airflow-core/src/airflow/api_fastapi/core_api/datamodels/ui/deadline.py"", ""airflow-core/src/airflow/api_fastapi/core_api/datamodels/ui/gantt.py"", ""airflow-core/src/airflow/api_fastapi/core_api/datamodels/ui/grid.py"", ""airflow-core/src/airflow/api_fastapi/core_api/datamodels/ui/partitioned_dag_runs.py"", ""airflow-core/src/airflow/api_fastapi/core_api/datamodels/ui/structure.py"", ""airflow-core/src/airflow/api_fastapi/core_api/datamodels/ui/teams.py"", ""airflow-core/src/airflow/api_fastapi/core_api/datamodels/variables.py"", ""airflow-core/src/airflow/api_fastapi/core_api/datamodels/version.py"", ""airflow-core/src/airflow/api_fastapi/core_api/datamodels/xcom.py"", ""airflow-core/src/airflow/api_fastapi/core_api/openapi/__init__.py"", ""airflow-core/src/airflow/api_fastapi/core_api/openapi/exceptions.py"", ""airflow-core/src/airflow/api_fastapi/core_api/routes/__init__.py"", ""airflow-core/src/airflow/api_fastapi/core_api/routes/public/__init__.py"", ""airflow-core/src/airflow/api_fastapi/core_api/routes/public/asset_state_store.py"", ""airflow-core/src/airflow/api_fastapi/core_api/routes/public/assets.py"", ""airflow-core/src/airflow/api_fastapi/core_api/routes/public/auth.py"", ""airflow-core/src/airflow/api_fastapi/core_api/routes/public/backfills.py"", ""airflow-core/src/airflow/api_fastapi/core_api/routes/public/config.py""]",[],False
fixed_hybrid_rag,code_retrieval-013,results\final_evaluation\fixed_hybrid_rag_results.csv,1.0,0,[],"[""airflow-core/docs/administration-and-deployment/pools.rst"", ""airflow-core/docs/administration-and-deployment/scheduler.rst"", ""airflow-core/docs/administration-and-deployment/task-and-asset-state-store-cleanup.rst"", ""airflow-core/docs/authoring-and-scheduling/cron.rst"", ""airflow-core/docs/authoring-and-scheduling/deferring.rst"", ""airflow-core/docs/authoring-and-scheduling/language-sdks/index.rst"", ""airflow-core/docs/authoring-and-scheduling/timetable.rst"", ""airflow-core/docs/authoring-and-scheduling/timezone.rst"", ""airflow-core/docs/core-concepts/dag-run.rst"", ""airflow-core/docs/core-concepts/sensors.rst"", ""airflow-core/docs/core-concepts/task-state-store.rst"", ""airflow-core/docs/core-concepts/tasks.rst"", ""airflow-core/docs/faq.rst"", ""airflow-core/docs/howto/deadline-alerts.rst"", ""airflow-core/docs/howto/sla-to-deadlines.rst"", ""airflow-core/docs/howto/timetable.rst"", ""airflow-core/docs/templates-ref.rst"", ""airflow-core/docs/tutorial/pipeline.rst"", ""airflow-core/newsfragments/69143.bugfix.rst"", ""airflow-core/src/airflow/api_fastapi/common/types.py"", ""airflow-core/src/airflow/api_fastapi/core_api/datamodels/dags.py"", ""airflow-core/src/airflow/api_fastapi/core_api/routes/public/task_state_store.py"", ""airflow-core/src/airflow/api_fastapi/execution_api/datamodels/taskinstance.py"", ""airflow-core/src/airflow/api_fastapi/execution_api/versions/v2026_04_06.py"", ""airflow-core/src/airflow/dag_processing/bundles/base.py"", ""airflow-core/src/airflow/dag_processing/dagbag.py"", ""airflow-core/src/airflow/dag_processing/manager.py"", ""airflow-core/src/airflow/example_dags/example_custom_weight.py"", ""airflow-core/src/airflow/example_dags/example_latest_only_with_trigger.py"", ""airflow-core/src/airflow/example_dags/example_passing_params_via_test_command.py"", ""airflow-core/src/airflow/example_dags/example_retry_policy.py"", ""airflow-core/src/airflow/example_dags/example_skip_dag.py"", ""airflow-core/src/airflow/example_dags/example_task_state_store.py"", ""airflow-core/src/airflow/example_dags/example_time_delta_sensor_async.py"", ""airflow-core/src/airflow/example_dags/plugins/business_day_window.py"", ""airflow-core/src/airflow/example_dags/plugins/workday.py"", ""airflow-core/src/airflow/example_dags/tutorial.py"", ""airflow-core/src/airflow/migrations/versions/0117_3_3_0_change_deadline_interval_to_json.py"", ""airflow-core/src/airflow/models/dag.py"", ""airflow-core/src/airflow/models/deadline.py"", ""airflow-core/src/airflow/models/deadline_alert.py"", ""airflow-core/src/airflow/models/serialized_dag.py"", ""airflow-core/src/airflow/models/taskinstance.py"", ""airflow-core/src/airflow/models/trigger.py"", ""airflow-core/src/airflow/partition_mappers/temporal.py"", ""airflow-core/src/airflow/partition_mappers/window.py"", ""airflow-core/src/airflow/sensors/__init__.py"", ""airflow-core/src/airflow/serialization/decoders.py"", ""airflow-core/src/airflow/serialization/definitions/baseoperator.py"", ""airflow-core/src/airflow/serialization/definitions/dag.py"", ""airflow-core/src/airflow/serialization/definitions/deadline.py"", ""airflow-core/src/airflow/serialization/definitions/mappedoperator.py"", ""airflow-core/src/airflow/serialization/enums.py"", ""airflow-core/src/airflow/serialization/schema.json"", ""airflow-core/src/airflow/serialization/serialized_objects.py"", ""airflow-core/src/airflow/timetables/_cron.py"", ""airflow-core/src/airflow/timetables/_delta.py"", ""airflow-core/src/airflow/timetables/interval.py"", ""airflow-core/src/airflow/timetables/simple.py"", ""airflow-core/src/airflow/timetables/trigger.py"", ""airflow-core/src/airflow/triggers/base.py"", ""airflow-core/tests/unit/api_fastapi/auth/test_tokens.py"", ""airflow-core/tests/unit/api_fastapi/conftest.py"", ""airflow-core/tests/unit/api_fastapi/core_api/datamodels/test_dags.py"", ""airflow-core/tests/unit/api_fastapi/core_api/routes/public/test_assets.py"", ""airflow-core/tests/unit/api_fastapi/core_api/routes/public/test_backfills.py"", ""airflow-core/tests/unit/api_fastapi/core_api/routes/public/test_dag_stats.py"", ""airflow-core/tests/unit/api_fastapi/core_api/routes/public/test_dags.py"", ""airflow-core/tests/unit/api_fastapi/core_api/routes/public/test_hitl.py"", ""airflow-core/tests/unit/api_fastapi/core_api/routes/public/test_monitor.py"", ""airflow-core/tests/unit/api_fastapi/core_api/routes/ui/test_dashboard.py"", ""airflow-core/tests/unit/api_fastapi/core_api/routes/ui/test_grid.py"", ""airflow-core/tests/unit/cli/commands/test_dag_command.py"", ""airflow-core/tests/unit/cluster_policies/__init__.py"", ""airflow-core/tests/unit/core/test_core.py"", ""airflow-core/tests/unit/core/test_example_dags_system.py"", ""airflow-core/tests/unit/dag_processing/bundles/test_base.py"", ""airflow-core/tests/unit/dag_processing/test_collection.py"", ""airflow-core/tests/unit/dag_processing/test_dagbag.py"", ""airflow-core/tests/unit/dags/test_cli_triggered_dags.py"", ""airflow-core/tests/unit/dags/test_dag_for_db_queries_counter.py"", ""airflow-core/tests/unit/dags/test_dag_version_inflation_check.py"", ""airflow-core/tests/unit/dags/test_dag_xcom_openlineage.py"", ""airflow-core/tests/unit/dags/test_example_bash_operator.py"", ""airflow-core/tests/unit/dags/test_failing.py"", ""airflow-core/tests/unit/dags/test_future_start_date.py"", ""airflow-core/tests/unit/dags/test_miscellaneous.py"", ""airflow-core/tests/unit/dags/test_missing_owner.py"", ""airflow-core/tests/unit/dags/test_multiple_dags.py"", ""airflow-core/tests/unit/dags/test_scheduler_dags.py"", ""airflow-core/tests/unit/dags/test_sensor.py"", ""airflow-core/tests/unit/dags/test_with_non_default_owner.py"", ""airflow-core/tests/unit/dags_corrupted/test_impersonation_custom.py"", ""airflow-core/tests/unit/dags_corrupted/test_nonstring_owner.py"", ""airflow-core/tests/unit/dags_with_system_exit/a_system_exit.py"", ""airflow-core/tests/unit/dags_with_system_exit/b_test_scheduler_dags.py"", ""airflow-core/tests/unit/dags_with_system_exit/c_system_exit.py"", ""airflow-core/tests/unit/executors/test_base_executor.py"", ""airflow-core/tests/unit/jobs/test_base_job.py""]",[],False
fixed_hybrid_rag,developer_activity-027,results\final_evaluation\fixed_hybrid_rag_results.csv,1.0,0,[],"[""17470a281415c9e68e9c7881229716f0572fdf39"", ""20ce3d49e8d77d8ccabf4916148f52f93879abfa"", ""6491f0b0c08882b64303ec8d6f8bd3c464246b9a"", ""739ac7e54626f8cbcacd10ebf46a184c06a4217b"", ""7452e193c68ebaeecd46f322f333dc7e41de15af"", ""753a45d0ddcd8f34b5d8d9e74a22934281065734"", ""8843ea00777a700cb88d73ade488d885d4f6f3a8"", ""aa7062d882df29c73663ae707cfff1b71f430ed8"", ""cc91f50e52304f4ee340ad6616db812c4e796f6a"", ""ce27bed0928a823b388ed411e30bc56280183119"", ""cf65724995c1d5ddf60a038a7948f19af9902780"", ""e2f18353e1ed394ff8c684e3effc5439663809a2"", ""eb2c12942eb54857a572de80cfb18accb623b4bf"", ""ee3269b0d126056f3c8d63556ac6037aa1315c67"", ""f472341296771a12855f7042da76fce4e3410fd9"", ""ff26ac36a03c59c5caad61a1af6b8d0f94d80934""]","[""unexpected_commit:cf65724995c1d5ddf60a038a7948f19af9902780"", ""unexpected_commit:ff26ac36a03c59c5caad61a1af6b8d0f94d80934"", ""unexpected_commit:7452e193c68ebaeecd46f322f333dc7e41de15af"", ""unexpected_commit:aa7062d882df29c73663ae707cfff1b71f430ed8"", ""unexpected_commit:17470a281415c9e68e9c7881229716f0572fdf39"", ""unexpected_commit:739ac7e54626f8cbcacd10ebf46a184c06a4217b"", ""unexpected_commit:753a45d0ddcd8f34b5d8d9e74a22934281065734"", ""unexpected_commit:f472341296771a12855f7042da76fce4e3410fd9"", ""unexpected_commit:ce27bed0928a823b388ed411e30bc56280183119"", ""unexpected_commit:e2f18353e1ed394ff8c684e3effc5439663809a2"", ""unexpected_commit:20ce3d49e8d77d8ccabf4916148f52f93879abfa"", ""unexpected_commit:8843ea00777a700cb88d73ade488d885d4f6f3a8"", ""unexpected_commit:6491f0b0c08882b64303ec8d6f8bd3c464246b9a"", ""unexpected_commit:ee3269b0d126056f3c8d63556ac6037aa1315c67"", ""unexpected_commit:cc91f50e52304f4ee340ad6616db812c4e796f6a"", ""unexpected_commit:eb2c12942eb54857a572de80cfb18accb623b4bf""]",False
fixed_hybrid_rag,developer_activity-008,results\final_evaluation\fixed_hybrid_rag_results.csv,1.0,0,[],"[""090136418a5e2d939ee4fe09e9be74757f497bb8"", ""098cfb60b6de7d75d9c2d39f6b2ee23b8b6ead43"", ""24ea3e9916d08cd2034f4f97d4af844ebf7c2bae"", ""2742ccbd4a0a3ee72b1fde500c093a9da41322ce"", ""556824d7c7f31405deb6ba7bc066cf957eed0be5"", ""75504b859f8abbbe7cc05324b7842e4a71d90d4f"", ""775e85dd1716c8c3da53722a645f2cd51bdf4abc"", ""7ff5e857fdb41a9f3e012c56390c2baa1f8b0f3e"", ""9106b8383489c4db969feb0198c6dd81f6f96ea1"", ""cc199a7a1581f76403d7c88b420caa452cd4f595"", ""d4fc5b036bbd851dab9fabe4460c9578c7ff2da0"", ""d5cf15107a3dc797354e5d3c353a846f377a64a1"", ""d8014ae193f5190625a338c4d7faf095ddcd65bd"", ""e7a6c22ef05ba86c57477b3971818459c471f6e6"", ""f09d67cc1c216b445d01f1893f37ff391bb3b4b7""]","[""unexpected_commit:090136418a5e2d939ee4fe09e9be74757f497bb8"", ""unexpected_commit:d4fc5b036bbd851dab9fabe4460c9578c7ff2da0"", ""unexpected_commit:75504b859f8abbbe7cc05324b7842e4a71d90d4f"", ""unexpected_commit:9106b8383489c4db969feb0198c6dd81f6f96ea1"", ""unexpected_commit:2742ccbd4a0a3ee72b1fde500c093a9da41322ce"", ""unexpected_commit:cc199a7a1581f76403d7c88b420caa452cd4f595"", ""unexpected_commit:775e85dd1716c8c3da53722a645f2cd51bdf4abc"", ""unexpected_commit:24ea3e9916d08cd2034f4f97d4af844ebf7c2bae"", ""unexpected_commit:098cfb60b6de7d75d9c2d39f6b2ee23b8b6ead43"", ""unexpected_commit:d8014ae193f5190625a338c4d7faf095ddcd65bd"", ""unexpected_commit:e7a6c22ef05ba86c57477b3971818459c471f6e6"", ""unexpected_commit:d5cf15107a3dc797354e5d3c353a846f377a64a1"", ""unexpected_commit:556824d7c7f31405deb6ba7bc066cf957eed0be5"", ""unexpected_commit:7ff5e857fdb41a9f3e012c56390c2baa1f8b0f3e"", ""unexpected_commit:f09d67cc1c216b445d01f1893f37ff391bb3b4b7""]",False
fixed_hybrid_rag,multi_hop-048,results\final_evaluation\fixed_hybrid_rag_results.csv,1.0,0,[],"[""mlflow/server/js/src/components/LoadMoreBar.js"", ""mlflow/server/js/src/components/LoadMoreBar.test.js"", ""mlflow/server/js/src/components/MetricView.css"", ""mlflow/server/js/src/components/MetricView.js"", ""mlflow/server/js/src/components/MetricsPlotControls.js"", ""mlflow/server/js/src/components/MetricsPlotControls.test.js"", ""mlflow/server/js/src/components/MetricsPlotPanel.js"", ""mlflow/server/js/src/components/MetricsPlotPanel.test.js"", ""mlflow/server/js/src/components/MetricsPlotView.js"", ""mlflow/server/js/src/components/MetricsPlotView.test.js"", ""mlflow/server/js/src/components/ParallelCoordinatesPlotControls.js"", ""mlflow/server/js/src/components/ParallelCoordinatesPlotControls.test.js"", ""mlflow/server/js/src/components/ParallelCoordinatesPlotPanel.css"", ""mlflow/server/js/src/components/ParallelCoordinatesPlotPanel.js"", ""mlflow/server/js/src/components/ParallelCoordinatesPlotPanel.test.js"", ""mlflow/server/js/src/components/ParallelCoordinatesPlotView.js"", ""mlflow/server/js/src/components/ParallelCoordinatesPlotView.test.js"", ""mlflow/server/js/src/components/RunView.js"", ""mlflow/server/js/src/components/tables/EditableFormTable.css"", ""mlflow/server/js/src/components/tables/EditableFormTable.js"", ""mlflow/server/js/src/components/tables/EditableFormTable.test.js"", ""mlflow/server/js/src/index.css"", ""mlflow/server/js/src/reducers/MetricReducer.js"", ""mlflow/server/js/src/reducers/Reducers.js"", ""mlflow/server/js/src/sdk/MlflowLocalStorageMessages.js"", ""mlflow/server/js/src/sdk/MlflowMessages.js"", ""mlflow/server/js/src/setupTests.js"", ""mlflow/server/js/src/utils/Utils.js"", ""mlflow/server/js/src/utils/Utils.test.js""]",[],False
fixed_hybrid_rag,multi_hop-014,results\final_evaluation\fixed_hybrid_rag_results.csv,1.0,0,[],"[""src/eShop.ServiceDefaults/AuthenticationExtensions.cs"", ""src/eShop.ServiceDefaults/AuthorizeCheckOperationFilter.cs"", ""src/eShop.ServiceDefaults/Extensions.cs"", ""src/eShop.ServiceDefaults/HttpClientAuthorizationDelegatingHandler.cs"", ""src/eShop.ServiceDefaults/HttpClientExtensions.cs"", ""src/eShop.ServiceDefaults/JsonDefaults.cs"", ""src/eShop.ServiceDefaults/OpenApi.Extensions.cs""]",[],False
langchain_graphrag,issue_pr_analysis-031,results\final_evaluation\langchain_graphrag_results.csv,0.0,1,[],[],[],False
langchain_graphrag,issue_pr_analysis-017,results\final_evaluation\langchain_graphrag_results.csv,0.0,1,[],[],[],False
langchain_graphrag,multi_hop-048,results\final_evaluation\langchain_graphrag_results.csv,1.0,0,[],"[""mlflow/server/js/src/components/LoadMoreBar.js"", ""mlflow/server/js/src/components/LoadMoreBar.test.js"", ""mlflow/server/js/src/components/MetricView.css"", ""mlflow/server/js/src/components/MetricView.js"", ""mlflow/server/js/src/components/MetricsPlotControls.js"", ""mlflow/server/js/src/components/MetricsPlotControls.test.js"", ""mlflow/server/js/src/components/MetricsPlotPanel.js"", ""mlflow/server/js/src/components/MetricsPlotPanel.test.js"", ""mlflow/server/js/src/components/MetricsPlotView.js"", ""mlflow/server/js/src/components/MetricsPlotView.test.js"", ""mlflow/server/js/src/components/ParallelCoordinatesPlotControls.js"", ""mlflow/server/js/src/components/ParallelCoordinatesPlotControls.test.js"", ""mlflow/server/js/src/components/ParallelCoordinatesPlotPanel.css"", ""mlflow/server/js/src/components/ParallelCoordinatesPlotPanel.js"", ""mlflow/server/js/src/components/ParallelCoordinatesPlotPanel.test.js"", ""mlflow/server/js/src/components/ParallelCoordinatesPlotView.js"", ""mlflow/server/js/src/components/ParallelCoordinatesPlotView.test.js"", ""mlflow/server/js/src/components/RunView.js"", ""mlflow/server/js/src/components/tables/EditableFormTable.css"", ""mlflow/server/js/src/components/tables/EditableFormTable.js"", ""mlflow/server/js/src/components/tables/EditableFormTable.test.js"", ""mlflow/server/js/src/index.css"", ""mlflow/server/js/src/reducers/MetricReducer.js"", ""mlflow/server/js/src/reducers/Reducers.js"", ""mlflow/server/js/src/sdk/MlflowLocalStorageMessages.js"", ""mlflow/server/js/src/sdk/MlflowMessages.js"", ""mlflow/server/js/src/setupTests.js"", ""mlflow/server/js/src/utils/Utils.js"", ""mlflow/server/js/src/utils/Utils.test.js""]",[],False
langchain_graphrag,multi_hop-014,results\final_evaluation\langchain_graphrag_results.csv,1.0,0,[],"[""src/eShop.ServiceDefaults/AuthenticationExtensions.cs"", ""src/eShop.ServiceDefaults/AuthorizeCheckOperationFilter.cs"", ""src/eShop.ServiceDefaults/Extensions.cs"", ""src/eShop.ServiceDefaults/HttpClientAuthorizationDelegatingHandler.cs"", ""src/eShop.ServiceDefaults/HttpClientExtensions.cs"", ""src/eShop.ServiceDefaults/JsonDefaults.cs"", ""src/eShop.ServiceDefaults/OpenApi.Extensions.cs""]",[],False
langchain_graphrag,dependency_analysis-005,results\final_evaluation\langchain_graphrag_results.csv,0.0,1,[],[],[],False
langchain_graphrag,dependency_analysis-034,results\final_evaluation\langchain_graphrag_results.csv,0.0,1,[],[],[],False
llamaindex_graphrag,issue_pr_analysis-031,results\final_evaluation\llamaindex_graphrag_results.csv,0.0,1,[],[],[],False
llamaindex_graphrag,developer_activity-003,results\final_evaluation\llamaindex_graphrag_results.csv,0.0,1,[],[],[],False
llamaindex_graphrag,issue_pr_analysis-017,results\final_evaluation\llamaindex_graphrag_results.csv,0.0,1,[],[],[],False
llamaindex_graphrag,multi_hop-048,results\final_evaluation\llamaindex_graphrag_results.csv,1.0,0,[],"[""mlflow/server/js/src/components/LoadMoreBar.js"", ""mlflow/server/js/src/components/LoadMoreBar.test.js"", ""mlflow/server/js/src/components/MetricView.css"", ""mlflow/server/js/src/components/MetricView.js"", ""mlflow/server/js/src/components/MetricsPlotControls.js"", ""mlflow/server/js/src/components/MetricsPlotControls.test.js"", ""mlflow/server/js/src/components/MetricsPlotPanel.js"", ""mlflow/server/js/src/components/MetricsPlotPanel.test.js"", ""mlflow/server/js/src/components/MetricsPlotView.js"", ""mlflow/server/js/src/components/MetricsPlotView.test.js"", ""mlflow/server/js/src/components/ParallelCoordinatesPlotControls.js"", ""mlflow/server/js/src/components/ParallelCoordinatesPlotControls.test.js"", ""mlflow/server/js/src/components/ParallelCoordinatesPlotPanel.css"", ""mlflow/server/js/src/components/ParallelCoordinatesPlotPanel.js"", ""mlflow/server/js/src/components/ParallelCoordinatesPlotPanel.test.js"", ""mlflow/server/js/src/components/ParallelCoordinatesPlotView.js"", ""mlflow/server/js/src/components/ParallelCoordinatesPlotView.test.js"", ""mlflow/server/js/src/components/RunView.js"", ""mlflow/server/js/src/components/tables/EditableFormTable.css"", ""mlflow/server/js/src/components/tables/EditableFormTable.js"", ""mlflow/server/js/src/components/tables/EditableFormTable.test.js"", ""mlflow/server/js/src/index.css"", ""mlflow/server/js/src/reducers/MetricReducer.js"", ""mlflow/server/js/src/reducers/Reducers.js"", ""mlflow/server/js/src/sdk/MlflowLocalStorageMessages.js"", ""mlflow/server/js/src/sdk/MlflowMessages.js"", ""mlflow/server/js/src/setupTests.js"", ""mlflow/server/js/src/utils/Utils.js"", ""mlflow/server/js/src/utils/Utils.test.js""]",[],False
llamaindex_graphrag,multi_hop-014,results\final_evaluation\llamaindex_graphrag_results.csv,1.0,0,[],"[""src/eShop.ServiceDefaults/AuthenticationExtensions.cs"", ""src/eShop.ServiceDefaults/AuthorizeCheckOperationFilter.cs"", ""src/eShop.ServiceDefaults/Extensions.cs"", ""src/eShop.ServiceDefaults/HttpClientAuthorizationDelegatingHandler.cs"", ""src/eShop.ServiceDefaults/HttpClientExtensions.cs"", ""src/eShop.ServiceDefaults/JsonDefaults.cs"", ""src/eShop.ServiceDefaults/OpenApi.Extensions.cs""]",[],False
llamaindex_graphrag,dependency_analysis-005,results\final_evaluation\llamaindex_graphrag_results.csv,0.0,1,[],[],[],False
oracle_hybrid_rag,developer_activity-004,results\final_evaluation\oracle_hybrid_rag_results.csv,1.0,0,[],"[""00196d3d007f42d48b07033fd2cf496162d6cf1f"", ""07e0e106d5cccb909664df8c61a221450557c69e"", ""08fbe11b60e485015b8c5696d5b7692860d15216"", ""110d666b4f30fcea6f5fa2848784bfb8985a2402"", ""126a6dd4d24687e7ac2b5d00c1039d3010576bd8"", ""12b39d5ab506167a1bda13807f17732bf18f921e"", ""134d51287f5fd13f1b5e86986f8125f48d3407a6"", ""1446fe22407e11affd1a4fd027708298d7a2e3c0"", ""150ef01d8794bd42677c971b051e12463333c184"", ""1b66425f0c2c24e6be44ecbbee77ffb6ffa9ceb1"", ""1da85da22e1e306e584b4e5558071cd258f74df7"", ""1eb5f6ebfeb654a33f4f1e7b0ac3a4c6d9d5bd70"", ""1ef4446a1cabc116e72760a1153ef5bc22920c94"", ""20cabc6f0ca322da373b7ce56ec6ce5c16199e17"", ""2527a335aceb72b0b155bb588c0b3039f6380cf3"", ""256c3f02d5ae800af841cdc3950cbf417448def1"", ""259f0d161544b424a5dfb33c665da5d6b9165d96"", ""2a5499fb1f8d2e556fcf4f07fb771cec32c397c4"", ""2b4598c2ab7c57392f01a930fca6139d02fe5dec"", ""2d56b6c67e7a425f2ad954cc6b79cf5e8e32783b"", ""2dc75fa4c01d53d3d8eece05f3c0ab4e86f71cf8"", ""2e964d89e800a048c7eee51438f8aabee9593678"", ""2fc8eae65898bec051055e4d79e73e70834f202d"", ""30ea72ca30767639f87571529419a8e2cebc9417"", ""31c8b1f63a24e07cf6752c41718ab82bad659110"", ""39531d24b08af3b2abae2701637c01d0bf56a536"", ""398c515d99f0325419309887773bcd07b7a749e8"", ""406d31ca17bfb45945402ac266e0b88b7c0889a6"", ""447bb088b87c9ad5d9f5747e95ba011f3e29982c"", ""490564606d7214bef9d3672a6e24873d552c4ea0"", ""4a57f276f01bcca2136fc17dd97864b2f98e8d87"", ""51d2f688a1fcb91bd7d751164efac806297d14a1"", ""52dedae024855bb4017b6426b0ed735d64f9db32"", ""59fa310b1270d7f85861d887efd9f2346dc9090b"", ""60f212a0893365f98cfc153b40a6ba898842c78c"", ""60f35c3aeca6206233eec8c3371c797824a9f2f8"", ""62ad66ebb17c6be946635cc459542130be545ce8"", ""62afdc81f096e5b8726102f195518b5caf988c1d"", ""65c5f0ae29770ced643b11b85243b27fbeca90e5"", ""6765012c55cbfa47b98c5977b1f41dba96aeb535"", ""72bc01db647cd8a0e4c3e39e70e4edaef84422e4"", ""73b55207b5c38e1ea0a4dd3a4645df5f5a86f841"", ""7447a609019f392d13f18dc782c88916f0e8315d"", ""80c7a048b5f0c84d33b0007ccdd6ac4fbd8a7ae6"", ""81ab8fbc7fc8223a78334fc36e8729bbd55782ef"", ""827082307abba48cb8c706fc7c40a627c63feb84"", ""84dcc17cf2a4dcbf20c893bc3f0fd8f7f5befc96"", ""864152b6b1bf8a364f239b88184d8a84a81e66b0"", ""86a797f971ff635d3b7408e3c0f4a494b1316a2d"", ""8a78712facaac54ba9cf7c677fa11f8b8efbb00d"", ""8da2a647be10d8a33d8d7d0eabfacad5c2543221"", ""9210c1b76c5a4ff752b29d7f212d474d8be38741"", ""948227821b16001e83a18b15d1d2a3f901396498"", ""9a0031fab2b3b1c3528bb561032d5b080b81778c"", ""9abfd10cf83ca280231875a84e810a0fd2c2cdc9"", ""9c3606886be1c050f4dbe68583836654b1653b87"", ""9f7cae14dfbf0200786cf6ecf5aa50a9eae1c0d8"", ""a6f42ab4b805c09694892c30a847ac868d912e0e"", ""a732c401ae64d951242ff07cb2f45817e1f112b1"", ""b05f8f47aabb05dfc8fd38b9f2a9ad8bff29e1eb"", ""b0d35a0fb7b969c0b0e19f1077a23489ec969bb0"", ""b176105d28dbd169903722ef267fcd3871fa399a"", ""b235411b5c249e78f19b0e80a6ba9bfeb6ba36da"", ""b47ec000344fbda3badc677347ff132954a5e00d"", ""ba6be5106d4169fa7614fa456122397cee00f6d5"", ""bfa3d7ae9f78ca5e51fb03033022ce8f3dea526c"", ""c11650c147ee9c61ad49fef62b7f332f10d086a1"", ""c94ea1f9e3f28a2d3c2334fa1684050d434c39ce"", ""cb4613a27d32bf09aaaee7ca3d5da44e24a7a5f0"", ""cc44e4df685a2c14f9f4ceec00f95df3569eed22"", ""cefdb1a7b941e9a2ebceefff8f0a9f430a2dce6b"", ""d0f0181c85bd7521953d61940ade39225d45b40a"", ""d915e49bdad2a261d07328c66fb60b9af482ded7"", ""db23691e0ce182a0a2593a139a6d172888fcf25e"", ""e1893242f5b2c3b7fdaab30d4317f11f7bc40fc5"", ""e84be5db32efb34049b86d9f5860e5c3228a0834"", ""ec7422334bd2d6aa4a12d4dff2abbc4eb8a1edf1"", ""ef2a3eadf6ab86057bc75e3befff2d4e20b8d0da"", ""ef39030200318cc31cf2902231b5b03b66f54bb7"", ""fe041aefa812082db8b85f5fa07f62ef18f71544""]","[""unexpected_commit:1b66425f0c2c24e6be44ecbbee77ffb6ffa9ceb1"", ""unexpected_commit:d0f0181c85bd7521953d61940ade39225d45b40a"", ""unexpected_commit:827082307abba48cb8c706fc7c40a627c63feb84"", ""unexpected_commit:60f212a0893365f98cfc153b40a6ba898842c78c"", ""unexpected_commit:ef2a3eadf6ab86057bc75e3befff2d4e20b8d0da"", ""unexpected_commit:59fa310b1270d7f85861d887efd9f2346dc9090b"", ""unexpected_commit:cb4613a27d32bf09aaaee7ca3d5da44e24a7a5f0"", ""unexpected_commit:948227821b16001e83a18b15d1d2a3f901396498"", ""unexpected_commit:490564606d7214bef9d3672a6e24873d552c4ea0"", ""unexpected_commit:ef39030200318cc31cf2902231b5b03b66f54bb7"", ""unexpected_commit:db23691e0ce182a0a2593a139a6d172888fcf25e"", ""unexpected_commit:134d51287f5fd13f1b5e86986f8125f48d3407a6"", ""unexpected_commit:7447a609019f392d13f18dc782c88916f0e8315d"", ""unexpected_commit:20cabc6f0ca322da373b7ce56ec6ce5c16199e17"", ""unexpected_commit:256c3f02d5ae800af841cdc3950cbf417448def1"", ""unexpected_commit:51d2f688a1fcb91bd7d751164efac806297d14a1"", ""unexpected_commit:e1893242f5b2c3b7fdaab30d4317f11f7bc40fc5"", ""unexpected_commit:60f35c3aeca6206233eec8c3371c797824a9f2f8"", ""unexpected_commit:2fc8eae65898bec051055e4d79e73e70834f202d"", ""unexpected_commit:150ef01d8794bd42677c971b051e12463333c184"", ""unexpected_commit:864152b6b1bf8a364f239b88184d8a84a81e66b0"", ""unexpected_commit:9210c1b76c5a4ff752b29d7f212d474d8be38741"", ""unexpected_commit:8da2a647be10d8a33d8d7d0eabfacad5c2543221"", ""unexpected_commit:1da85da22e1e306e584b4e5558071cd258f74df7"", ""unexpected_commit:bfa3d7ae9f78ca5e51fb03033022ce8f3dea526c"", ""unexpected_commit:fe041aefa812082db8b85f5fa07f62ef18f71544"", ""unexpected_commit:447bb088b87c9ad5d9f5747e95ba011f3e29982c"", ""unexpected_commit:39531d24b08af3b2abae2701637c01d0bf56a536"", ""unexpected_commit:86a797f971ff635d3b7408e3c0f4a494b1316a2d"", ""unexpected_commit:110d666b4f30fcea6f5fa2848784bfb8985a2402"", ""unexpected_commit:1eb5f6ebfeb654a33f4f1e7b0ac3a4c6d9d5bd70"", ""unexpected_commit:a732c401ae64d951242ff07cb2f45817e1f112b1"", ""unexpected_commit:2e964d89e800a048c7eee51438f8aabee9593678"", ""unexpected_commit:31c8b1f63a24e07cf6752c41718ab82bad659110"", ""unexpected_commit:08fbe11b60e485015b8c5696d5b7692860d15216"", ""unexpected_commit:ec7422334bd2d6aa4a12d4dff2abbc4eb8a1edf1"", ""unexpected_commit:b176105d28dbd169903722ef267fcd3871fa399a"", ""unexpected_commit:2a5499fb1f8d2e556fcf4f07fb771cec32c397c4"", ""unexpected_commit:1446fe22407e11affd1a4fd027708298d7a2e3c0"", ""unexpected_commit:9abfd10cf83ca280231875a84e810a0fd2c2cdc9"", ""unexpected_commit:b235411b5c249e78f19b0e80a6ba9bfeb6ba36da"", ""unexpected_commit:406d31ca17bfb45945402ac266e0b88b7c0889a6"", ""unexpected_commit:00196d3d007f42d48b07033fd2cf496162d6cf1f"", ""unexpected_commit:72bc01db647cd8a0e4c3e39e70e4edaef84422e4"", ""unexpected_commit:30ea72ca30767639f87571529419a8e2cebc9417"", ""unexpected_commit:65c5f0ae29770ced643b11b85243b27fbeca90e5"", ""unexpected_commit:d915e49bdad2a261d07328c66fb60b9af482ded7"", ""unexpected_commit:259f0d161544b424a5dfb33c665da5d6b9165d96"", ""unexpected_commit:1ef4446a1cabc116e72760a1153ef5bc22920c94"", ""unexpected_commit:62afdc81f096e5b8726102f195518b5caf988c1d"", ""unexpected_commit:ba6be5106d4169fa7614fa456122397cee00f6d5"", ""unexpected_commit:07e0e106d5cccb909664df8c61a221450557c69e"", ""unexpected_commit:8a78712facaac54ba9cf7c677fa11f8b8efbb00d"", ""unexpected_commit:81ab8fbc7fc8223a78334fc36e8729bbd55782ef"", ""unexpected_commit:4a57f276f01bcca2136fc17dd97864b2f98e8d87"", ""unexpected_commit:84dcc17cf2a4dcbf20c893bc3f0fd8f7f5befc96"", ""unexpected_commit:126a6dd4d24687e7ac2b5d00c1039d3010576bd8"", ""unexpected_commit:2527a335aceb72b0b155bb588c0b3039f6380cf3"", ""unexpected_commit:80c7a048b5f0c84d33b0007ccdd6ac4fbd8a7ae6"", ""unexpected_commit:52dedae024855bb4017b6426b0ed735d64f9db32"", ""unexpected_commit:9a0031fab2b3b1c3528bb561032d5b080b81778c"", ""unexpected_commit:e84be5db32efb34049b86d9f5860e5c3228a0834"", ""unexpected_commit:b0d35a0fb7b969c0b0e19f1077a23489ec969bb0"", ""unexpected_commit:6765012c55cbfa47b98c5977b1f41dba96aeb535"", ""unexpected_commit:9c3606886be1c050f4dbe68583836654b1653b87"", ""unexpected_commit:cc44e4df685a2c14f9f4ceec00f95df3569eed22"", ""unexpected_commit:b47ec000344fbda3badc677347ff132954a5e00d"", ""unexpected_commit:b05f8f47aabb05dfc8fd38b9f2a9ad8bff29e1eb"", ""unexpected_commit:9f7cae14dfbf0200786cf6ecf5aa50a9eae1c0d8"", ""unexpected_commit:a6f42ab4b805c09694892c30a847ac868d912e0e"", ""unexpected_commit:73b55207b5c38e1ea0a4dd3a4645df5f5a86f841"", ""unexpected_commit:cefdb1a7b941e9a2ebceefff8f0a9f430a2dce6b"", ""unexpected_commit:c94ea1f9e3f28a2d3c2334fa1684050d434c39ce"", ""unexpected_commit:12b39d5ab506167a1bda13807f17732bf18f921e"", ""unexpected_commit:2b4598c2ab7c57392f01a930fca6139d02fe5dec"", ""unexpected_commit:c11650c147ee9c61ad49fef62b7f332f10d086a1"", ""unexpected_commit:2d56b6c67e7a425f2ad954cc6b79cf5e8e32783b"", ""unexpected_commit:2dc75fa4c01d53d3d8eece05f3c0ab4e86f71cf8"", ""unexpected_commit:62ad66ebb17c6be946635cc459542130be545ce8"", ""unexpected_commit:398c515d99f0325419309887773bcd07b7a749e8""]",False
oracle_hybrid_rag,structure-002,results\final_evaluation\oracle_hybrid_rag_results.csv,1.0,0,[],"[""airflow-core/docs/core-concepts/task-and-asset-state-store.rst"", ""airflow-core/docs/core-concepts/task-state-store.rst"", ""airflow-core/docs/core-concepts/taskflow.rst"", ""airflow-core/docs/core-concepts/tasks.rst"", ""airflow-core/docs/core-concepts/variables.rst"", ""airflow-core/docs/core-concepts/xcoms.rst""]",[],False
oracle_hybrid_rag,code_retrieval-003,results\final_evaluation\oracle_hybrid_rag_results.csv,1.0,0,[],"[""airflow-core/src/airflow/api_fastapi/core_api/services/public/task_instances.py"", ""airflow-core/src/airflow/configuration.py"", ""airflow-core/src/airflow/utils/orm_event_handlers.py"", ""devel-common/src/tests_common/test_utils/perf/perf_kit/sqlalchemy.py"", ""java-sdk/adr/0003-pure-java-dags.md"", ""java-sdk/sdk/src/main/kotlin/org/apache/airflow/sdk/execution/Client.kt"", ""java-sdk/sdk/src/main/kotlin/org/apache/airflow/sdk/execution/Frame.kt"", ""java-sdk/sdk/src/test/kotlin/org/apache/airflow/sdk/ClientTest.kt"", ""java-sdk/sdk/src/test/kotlin/org/apache/airflow/sdk/ContextTest.kt"", ""java-sdk/sdk/src/test/kotlin/org/apache/airflow/sdk/execution/TaskTest.kt"", ""providers/alibaba/src/airflow/providers/alibaba/cloud/hooks/oss.py"", ""providers/common/sql/src/airflow/providers/common/sql/operators/sql.py"", ""providers/fab/src/airflow/providers/fab/auth_manager/api_fastapi/routes/login.py"", ""providers/fab/src/airflow/providers/fab/auth_manager/api_fastapi/services/users.py"", ""providers/fab/src/airflow/providers/fab/www/extensions/init_appbuilder.py"", ""providers/fab/src/airflow/providers/fab/www/static/js/main.js"", ""providers/google/src/airflow/providers/google/cloud/hooks/kubernetes_engine.py"", ""scripts/ci/analyze_ci_job_durations.py"", ""scripts/ci/prek/check_metrics_synced_with_the_registry.py"", ""shared/listeners/src/airflow_shared/listeners/listener.py""]",[],False
oracle_hybrid_rag,code_retrieval-005,results\final_evaluation\oracle_hybrid_rag_results.csv,1.0,0,[],"[""airflow-core/src/airflow/ui/src/components/AssetExpression/AssetNode.tsx"", ""airflow-core/src/airflow/ui/src/components/Banner/BackfillBanner.tsx"", ""airflow-core/src/airflow/ui/src/components/BreadcrumbStats.tsx"", ""airflow-core/src/airflow/ui/src/components/DagActions/FavoriteDagButton.tsx"", ""airflow-core/src/airflow/ui/src/components/DagRunInfo.tsx"", ""airflow-core/src/airflow/ui/src/components/DagVersion.tsx"", ""airflow-core/src/airflow/ui/src/components/FlexibleForm/FlexibleForm.tsx"", ""airflow-core/src/airflow/ui/src/components/Graph/TaskNode.tsx"", ""airflow-core/src/airflow/ui/src/components/MarkdownModal.tsx"", ""airflow-core/src/airflow/ui/src/components/NeedsReviewButton.tsx"", ""airflow-core/src/airflow/ui/src/components/PresetFiltersMenu.tsx"", ""airflow-core/src/airflow/ui/src/components/SearchBar.tsx"", ""airflow-core/src/airflow/ui/src/components/StateBadge.tsx"", ""airflow-core/src/airflow/ui/src/components/StatsCard.tsx"", ""airflow-core/src/airflow/ui/src/components/TaskName.tsx"", ""airflow-core/src/airflow/ui/src/components/ui/Checkbox.tsx"", ""airflow-core/src/airflow/ui/src/components/ui/Clipboard.tsx"", ""airflow-core/src/airflow/ui/src/components/ui/LazyClipboard.tsx"", ""airflow-core/src/airflow/ui/src/components/ui/RadioCard.tsx"", ""airflow-core/src/airflow/ui/src/components/ui/Toaster/Toaster.tsx"", ""airflow-core/src/airflow/ui/src/layouts/BaseLayout.tsx"", ""airflow-core/src/airflow/ui/src/layouts/Details/DetailsLayout.tsx"", ""airflow-core/src/airflow/ui/src/layouts/Details/Grid/Bar.tsx"", ""airflow-core/src/airflow/ui/src/layouts/Details/PanelButtons.tsx"", ""airflow-core/src/airflow/ui/src/layouts/Nav/NavButton.tsx"", ""airflow-core/src/airflow/ui/src/pages/Asset/Header.tsx"", ""airflow-core/src/airflow/ui/src/pages/AssetsList/AssetsList.tsx"", ""airflow-core/src/airflow/ui/src/pages/Connections/ConnectionStandardFields.tsx"", ""airflow-core/src/airflow/ui/src/pages/Connections/Connections.tsx"", ""airflow-core/src/airflow/ui/src/pages/Dag/Calendar/CalendarCell.tsx"", ""airflow-core/src/airflow/ui/src/pages/Dag/DeadlineAlertsBadge.tsx"", ""airflow-core/src/airflow/ui/src/pages/Dag/Header.tsx"", ""airflow-core/src/airflow/ui/src/pages/Dag/Overview/AllDeadlinesModal.tsx"", ""airflow-core/src/airflow/ui/src/pages/Dag/Overview/DagDeadlines.tsx"", ""airflow-core/src/airflow/ui/src/pages/Dag/Overview/DeadlineRow.tsx"", ""airflow-core/src/airflow/ui/src/pages/Dag/Overview/Overview.tsx"", ""airflow-core/src/airflow/ui/src/pages/DagRuns/DagRuns.tsx"", ""airflow-core/src/airflow/ui/src/pages/DagsList/DagsFilters/RunStateSelect.tsx"", ""airflow-core/src/airflow/ui/src/pages/DagsList/DagsList.tsx"", ""airflow-core/src/airflow/ui/src/pages/Dashboard/Deadlines/DeadlineSection.tsx"", ""airflow-core/src/airflow/ui/src/pages/Dashboard/Stats/DagImportErrors.tsx"", ""airflow-core/src/airflow/ui/src/pages/Dashboard/Stats/PluginImportErrors.tsx"", ""airflow-core/src/airflow/ui/src/pages/Dashboard/Stats/Stats.tsx"", ""airflow-core/src/airflow/ui/src/pages/Deadlines/index.tsx"", ""airflow-core/src/airflow/ui/src/pages/GroupTaskInstance/GroupTaskInstance.tsx"", ""airflow-core/src/airflow/ui/src/pages/GroupTaskInstance/Header.tsx"", ""airflow-core/src/airflow/ui/src/pages/HITLTaskInstances/HITLTaskInstances.tsx"", ""airflow-core/src/airflow/ui/src/pages/Jobs.tsx"", ""airflow-core/src/airflow/ui/src/pages/MappedTaskInstance/Header.tsx"", ""airflow-core/src/airflow/ui/src/pages/MappedTaskInstance/MappedTaskInstance.tsx"", ""airflow-core/src/airflow/ui/src/pages/Plugins.tsx"", ""airflow-core/src/airflow/ui/src/pages/Pools/PoolBarCard.tsx"", ""airflow-core/src/airflow/ui/src/pages/Providers.tsx"", ""airflow-core/src/airflow/ui/src/pages/ReactPlugin.tsx"", ""airflow-core/src/airflow/ui/src/pages/Run/DeadlineStatus.tsx"", ""airflow-core/src/airflow/ui/src/pages/Run/DeadlineStatusModal.tsx"", ""airflow-core/src/airflow/ui/src/pages/Run/Details.tsx"", ""airflow-core/src/airflow/ui/src/pages/Run/Header.tsx"", ""airflow-core/src/airflow/ui/src/pages/Run/Run.tsx"", ""airflow-core/src/airflow/ui/src/pages/Task/GroupTaskHeader.tsx"", ""airflow-core/src/airflow/ui/src/pages/Task/Header.tsx"", ""airflow-core/src/airflow/ui/src/pages/Task/Task.tsx"", ""airflow-core/src/airflow/ui/src/pages/TaskInstance/Header.tsx"", ""airflow-core/src/airflow/ui/src/pages/TaskInstance/Logs/LogSearchInput.tsx"", ""airflow-core/src/airflow/ui/src/pages/TaskInstance/Logs/ScrollToButton.tsx"", ""airflow-core/src/airflow/ui/src/pages/TaskInstances/TaskInstances.tsx"", ""airflow-core/src/airflow/ui/src/pages/Variables/Variables.tsx"", ""providers/edge3/src/airflow/providers/edge3/plugins/www/src/components/SearchBar.tsx"", ""providers/edge3/src/airflow/providers/edge3/plugins/www/src/components/StateBadge.tsx"", ""providers/edge3/src/airflow/providers/edge3/plugins/www/src/components/WorkerStateBadge.tsx"", ""providers/edge3/src/airflow/providers/edge3/plugins/www/src/components/ui/CloseButton.tsx"", ""providers/edge3/src/airflow/providers/edge3/plugins/www/src/components/ui/toaster.tsx"", ""providers/edge3/src/airflow/providers/edge3/plugins/www/src/layouts/EdgeLayout.tsx""]",[],False
oracle_hybrid_rag,structure-021,results\final_evaluation\oracle_hybrid_rag_results.csv,1.0,0,[],"[""airflow-core/src/airflow/utils/helpers.py"", ""airflow-core/src/airflow/utils/json.py"", ""airflow-core/src/airflow/utils/log/__init__.py"", ""airflow-core/src/airflow/utils/log/action_logger.py"", ""airflow-core/src/airflow/utils/log/colored_log.py"", ""airflow-core/src/airflow/utils/log/file_processor_handler.py"", ""airflow-core/src/airflow/utils/log/file_task_handler.py"", ""airflow-core/src/airflow/utils/log/json_formatter.py"", ""airflow-core/src/airflow/utils/log/log_reader.py"", ""airflow-core/src/airflow/utils/log/log_stream_accumulator.py"", ""airflow-core/src/airflow/utils/log/logging_mixin.py"", ""airflow-core/src/airflow/utils/log/non_caching_file_handler.py"", ""airflow-core/src/airflow/utils/log/task_handler_with_custom_formatter.py"", ""airflow-core/src/airflow/utils/log/timezone_aware.py"", ""airflow-core/src/airflow/utils/memray_utils.py"", ""airflow-core/src/airflow/utils/net.py"", ""airflow-core/src/airflow/utils/operator_helpers.py"", ""airflow-core/src/airflow/utils/orm_event_handlers.py"", ""airflow-core/src/airflow/utils/platform.py"", ""airflow-core/src/airflow/utils/process_utils.py"", ""airflow-core/src/airflow/utils/providers_configuration_loader.py"", ""airflow-core/src/airflow/utils/retries.py"", ""airflow-core/src/airflow/utils/scheduler_health.py"", ""airflow-core/src/airflow/utils/serve_logs/__init__.py"", ""airflow-core/src/airflow/utils/serve_logs/core.py"", ""airflow-core/src/airflow/utils/serve_logs/log_server.py"", ""airflow-core/src/airflow/utils/session.py"", ""airflow-core/src/airflow/utils/sqlalchemy.py"", ""airflow-core/src/airflow/utils/state.py"", ""airflow-core/src/airflow/utils/strings.py"", ""airflow-core/src/airflow/utils/thread_safe_dict.py"", ""airflow-core/src/airflow/utils/types.py"", ""airflow-core/src/airflow/utils/yaml.py""]",[],False
oracle_hybrid_rag,structure-011,results\final_evaluation\oracle_hybrid_rag_results.csv,1.0,0,[],"[""airflow-core/newsfragments/61153.significant.rst"", ""airflow-core/newsfragments/61274.improvement.rst"", ""airflow-core/newsfragments/62055.significant.rst"", ""airflow-core/newsfragments/62343.feature.rst"", ""airflow-core/newsfragments/62344.feature.rst"", ""airflow-core/newsfragments/62369.significant.rst"", ""airflow-core/newsfragments/62487.significant.rst"", ""airflow-core/newsfragments/62561.bugfix.rst"", ""airflow-core/newsfragments/62964.bugfix.rst"", ""airflow-core/newsfragments/63141.bugfix.rst"", ""airflow-core/newsfragments/63205.bugfix.rst"", ""airflow-core/newsfragments/63266.bugfix.rst"", ""airflow-core/newsfragments/63296.significant.rst"", ""airflow-core/newsfragments/63312.feature.rst"", ""airflow-core/newsfragments/63365.significant.rst"", ""airflow-core/newsfragments/63452.significant.rst"", ""airflow-core/newsfragments/63664.bugfix.rst"", ""airflow-core/newsfragments/63878.bugfix.rst"", ""airflow-core/newsfragments/63884.significant.rst"", ""airflow-core/newsfragments/64067.bugfix.rst"", ""airflow-core/newsfragments/64207.significant.rst"", ""airflow-core/newsfragments/64232.feature.rst"", ""airflow-core/newsfragments/64503.bugfix.rst"", ""airflow-core/newsfragments/64552.improvement.rst"", ""airflow-core/newsfragments/64563.feature.rst"", ""airflow-core/newsfragments/64571.significant.rst"", ""airflow-core/newsfragments/64751.feature.rst"", ""airflow-core/newsfragments/64822.significant.rst"", ""airflow-core/newsfragments/65269.significant.rst"", ""airflow-core/newsfragments/65346.significant.rst"", ""airflow-core/newsfragments/65422.bugfix.rst"", ""airflow-core/newsfragments/65590.feature.rst"", ""airflow-core/newsfragments/66015.significant.rst"", ""airflow-core/newsfragments/66030.feature.rst"", ""airflow-core/newsfragments/66161.significant.rst"", ""airflow-core/newsfragments/66210.bugfix.rst"", ""airflow-core/newsfragments/66412.significant.rst"", ""airflow-core/newsfragments/66499.significant.rst"", ""airflow-core/newsfragments/66584.feature.rst"", ""airflow-core/newsfragments/66737.significant.rst"", ""airflow-core/newsfragments/66807.feature.rst"", ""airflow-core/newsfragments/66848.feature.rst"", ""airflow-core/newsfragments/67056.significant.rst"", ""airflow-core/newsfragments/67164.significant.rst"", ""airflow-core/newsfragments/67184.feature.rst"", ""airflow-core/newsfragments/67285.feature.rst"", ""airflow-core/newsfragments/67288.improvement.rst"", ""airflow-core/newsfragments/67475.feature.rst"", ""airflow-core/newsfragments/67494.significant.rst"", ""airflow-core/newsfragments/67523.feature.rst"", ""airflow-core/newsfragments/67586.significant.rst"", ""airflow-core/newsfragments/67684.bugfix.rst"", ""airflow-core/newsfragments/67688.improvement.rst"", ""airflow-core/newsfragments/67716.feature.rst"", ""airflow-core/newsfragments/67868.bugfix.rst"", ""airflow-core/newsfragments/67873.bugfix.rst"", ""airflow-core/newsfragments/67927.feature.rst"", ""airflow-core/newsfragments/68028.feature.rst"", ""airflow-core/newsfragments/68266.bugfix.rst"", ""airflow-core/newsfragments/68314.improvement.rst"", ""airflow-core/newsfragments/68496.significant.rst"", ""airflow-core/newsfragments/68548.feature.rst"", ""airflow-core/newsfragments/68741.bugfix.rst"", ""airflow-core/newsfragments/68749.bugfix.rst"", ""airflow-core/newsfragments/68791.improvement.rst"", ""airflow-core/newsfragments/68888.feature.rst"", ""airflow-core/newsfragments/69075.bugfix.rst"", ""airflow-core/newsfragments/69143.bugfix.rst"", ""airflow-core/newsfragments/continuous-optional-start-date.improvement.rst""]",[],False
oracle_hybrid_rag,structure-034,results\final_evaluation\oracle_hybrid_rag_results.csv,1.0,0,[],"[""airflow-core/src/airflow/example_dags/example_latest_only_with_trigger.py"", ""airflow-core/src/airflow/example_dags/example_local_kubernetes_executor.py"", ""airflow-core/src/airflow/example_dags/example_nested_branch_dag.py"", ""airflow-core/src/airflow/example_dags/example_outlet_event_extra.py"", ""airflow-core/src/airflow/example_dags/example_params_trigger_ui.py"", ""airflow-core/src/airflow/example_dags/example_params_ui_tutorial.py"", ""airflow-core/src/airflow/example_dags/example_passing_params_via_test_command.py"", ""airflow-core/src/airflow/example_dags/example_retry_policy.py"", ""airflow-core/src/airflow/example_dags/example_setup_teardown.py"", ""airflow-core/src/airflow/example_dags/example_setup_teardown_taskflow.py"", ""airflow-core/src/airflow/example_dags/example_simplest_dag.py"", ""airflow-core/src/airflow/example_dags/example_skip_dag.py"", ""airflow-core/src/airflow/example_dags/example_task_group.py"", ""airflow-core/src/airflow/example_dags/example_task_group_decorator.py"", ""airflow-core/src/airflow/example_dags/example_task_state_store.py"", ""airflow-core/src/airflow/example_dags/example_task_state_store_mapped.py"", ""airflow-core/src/airflow/example_dags/example_time_delta_sensor_async.py"", ""airflow-core/src/airflow/example_dags/example_trigger_target_dag.py"", ""airflow-core/src/airflow/example_dags/example_workday_timetable.py"", ""airflow-core/src/airflow/example_dags/example_xcom.py"", ""airflow-core/src/airflow/example_dags/example_xcomargs.py"", ""airflow-core/src/airflow/example_dags/libs/__init__.py"", ""airflow-core/src/airflow/example_dags/libs/helper.py"", ""airflow-core/src/airflow/example_dags/plugins/__init__.py"", ""airflow-core/src/airflow/example_dags/plugins/business_day_window.py"", ""airflow-core/src/airflow/example_dags/plugins/custom_partition_mapper.py"", ""airflow-core/src/airflow/example_dags/plugins/custom_partition_timetable.py"", ""airflow-core/src/airflow/example_dags/plugins/decreasing_priority_weight_strategy.py"", ""airflow-core/src/airflow/example_dags/plugins/event_listener.py"", ""airflow-core/src/airflow/example_dags/plugins/listener_plugin.py"", ""airflow-core/src/airflow/example_dags/plugins/workday.py"", ""airflow-core/src/airflow/example_dags/tutorial.py"", ""airflow-core/src/airflow/example_dags/tutorial_dag.py"", ""airflow-core/src/airflow/example_dags/tutorial_objectstorage.py"", ""airflow-core/src/airflow/example_dags/tutorial_taskflow_api.py"", ""airflow-core/src/airflow/example_dags/tutorial_taskflow_api_virtualenv.py"", ""airflow-core/src/airflow/example_dags/tutorial_taskflow_templates.py""]",[],False
oracle_hybrid_rag,structure-013,results\final_evaluation\oracle_hybrid_rag_results.csv,1.0,0,[],"[""airflow-core/src/airflow/ui/src/queries/useDagParams.ts"", ""airflow-core/src/airflow/ui/src/queries/useDagParsing.ts"", ""airflow-core/src/airflow/ui/src/queries/useDagRunNote.ts"", ""airflow-core/src/airflow/ui/src/queries/useDagTagsInfinite.ts"", ""airflow-core/src/airflow/ui/src/queries/useDeadlines.ts"", ""airflow-core/src/airflow/ui/src/queries/useDeleteConnection.ts"", ""airflow-core/src/airflow/ui/src/queries/useDeleteDag.ts"", ""airflow-core/src/airflow/ui/src/queries/useDeleteDagRun.ts"", ""airflow-core/src/airflow/ui/src/queries/useDeletePool.ts"", ""airflow-core/src/airflow/ui/src/queries/useDeleteTaskInstance.ts"", ""airflow-core/src/airflow/ui/src/queries/useDeleteVariable.ts"", ""airflow-core/src/airflow/ui/src/queries/useDependencyGraph.ts"", ""airflow-core/src/airflow/ui/src/queries/useEditPool.ts"", ""airflow-core/src/airflow/ui/src/queries/useEditVariable.ts"", ""airflow-core/src/airflow/ui/src/queries/useGridRuns.ts"", ""airflow-core/src/airflow/ui/src/queries/useGridStructure.ts"", ""airflow-core/src/airflow/ui/src/queries/useGridTISummaries.ts"", ""airflow-core/src/airflow/ui/src/queries/useImportVariables.ts"", ""airflow-core/src/airflow/ui/src/queries/useNoteEditor.ts"", ""airflow-core/src/airflow/ui/src/queries/useParamStore.ts"", ""airflow-core/src/airflow/ui/src/queries/usePatchDagRun.ts"", ""airflow-core/src/airflow/ui/src/queries/usePatchTaskGroup.ts"", ""airflow-core/src/airflow/ui/src/queries/usePatchTaskGroupDryRun.ts"", ""airflow-core/src/airflow/ui/src/queries/usePatchTaskInstance.ts"", ""airflow-core/src/airflow/ui/src/queries/usePatchTaskInstanceDryRun.ts"", ""airflow-core/src/airflow/ui/src/queries/useRefreshOnNewDagRuns.ts"", ""airflow-core/src/airflow/ui/src/queries/useStoreMutation.ts"", ""airflow-core/src/airflow/ui/src/queries/useTaskInstanceNote.ts"", ""airflow-core/src/airflow/ui/src/queries/useTestConnection.ts"", ""airflow-core/src/airflow/ui/src/queries/useToggleFavoriteDag.ts"", ""airflow-core/src/airflow/ui/src/queries/useTogglePause.ts"", ""airflow-core/src/airflow/ui/src/queries/useTrigger.ts"", ""airflow-core/src/airflow/ui/src/queries/useUpdateHITLDetail.ts""]",[],False
oracle_hybrid_rag,code_retrieval-018,results\final_evaluation\oracle_hybrid_rag_results.csv,1.0,0,[],"[""airflow-core/src/airflow/api_fastapi/auth/managers/simple/ui/openapi-gen/requests/core/serverSentEvents.gen.ts"", ""airflow-core/src/airflow/ui/src/hooks/useSelectedVersion.ts"", ""airflow-core/src/airflow/ui/src/layouts/Details/DagBreadcrumb.tsx"", ""airflow-core/src/airflow/ui/src/pages/Asset/AssetEvents.tsx"", ""airflow-core/src/airflow/ui/src/pages/Asset/AssetStateStore/AssetStateStore.tsx"", ""airflow-core/src/airflow/ui/src/pages/Dag/Overview/Overview.tsx"", ""airflow-core/src/airflow/ui/src/pages/Events/Events.tsx"", ""airflow-core/src/airflow/ui/src/pages/TaskInstance/AssetEvents.tsx"", ""airflow-core/src/airflow/ui/src/pages/TaskInstance/Details.tsx"", ""airflow-core/src/airflow/ui/src/pages/TaskInstance/ExtraLinks.tsx"", ""airflow-core/src/airflow/ui/src/pages/TaskInstance/HITLResponse.tsx"", ""airflow-core/src/airflow/ui/src/pages/TaskInstance/Logs/Logs.tsx"", ""airflow-core/src/airflow/ui/src/pages/TaskInstance/TaskInstance.tsx"", ""airflow-core/src/airflow/ui/src/pages/TaskStateStore/TaskStateStore.tsx"", ""airflow-core/src/airflow/ui/tests/e2e/pages/BackfillPage.ts"", ""airflow-core/src/airflow/ui/tests/e2e/pages/HomePage.ts"", ""providers/edge3/src/airflow/providers/edge3/plugins/www/src/components/WorkerConcurrencyButton.tsx"", ""registry/src/_data/statsData.js""]",[],False
oracle_hybrid_rag,structure-019,results\final_evaluation\oracle_hybrid_rag_results.csv,1.0,0,[],"[""airflow-core/tests/unit/dags/test_dag_test_with_dynamic_trigger.py"", ""airflow-core/tests/unit/dags/test_dag_test_with_trigger.py"", ""airflow-core/tests/unit/dags/test_dag_version_inflation_check.py"", ""airflow-core/tests/unit/dags/test_dag_warnings.py"", ""airflow-core/tests/unit/dags/test_dag_with_no_tags.py"", ""airflow-core/tests/unit/dags/test_dag_xcom_openlineage.py"", ""airflow-core/tests/unit/dags/test_dagrun_fast_follow.py"", ""airflow-core/tests/unit/dags/test_default_impersonation.py"", ""airflow-core/tests/unit/dags/test_double_trigger.py"", ""airflow-core/tests/unit/dags/test_example_bash_operator.py"", ""airflow-core/tests/unit/dags/test_external_task_sensor_check_existense.py"", ""airflow-core/tests/unit/dags/test_failing.py"", ""airflow-core/tests/unit/dags/test_future_start_date.py"", ""airflow-core/tests/unit/dags/test_heartbeat_failed_fast.py"", ""airflow-core/tests/unit/dags/test_impersonation.py"", ""airflow-core/tests/unit/dags/test_imports.py"", ""airflow-core/tests/unit/dags/test_invalid_cron.py"", ""airflow-core/tests/unit/dags/test_invalid_dup_task.py"", ""airflow-core/tests/unit/dags/test_invalid_param.py"", ""airflow-core/tests/unit/dags/test_invalid_param2.py"", ""airflow-core/tests/unit/dags/test_invalid_param3.py"", ""airflow-core/tests/unit/dags/test_invalid_param4.py"", ""airflow-core/tests/unit/dags/test_latest_runs.py"", ""airflow-core/tests/unit/dags/test_logging_in_dag.py"", ""airflow-core/tests/unit/dags/test_mapped_classic.py"", ""airflow-core/tests/unit/dags/test_mapped_taskflow.py"", ""airflow-core/tests/unit/dags/test_mark_state.py"", ""airflow-core/tests/unit/dags/test_miscellaneous.py"", ""airflow-core/tests/unit/dags/test_missing_owner.py"", ""airflow-core/tests/unit/dags/test_multiple_dags.py"", ""airflow-core/tests/unit/dags/test_no_impersonation.py"", ""airflow-core/tests/unit/dags/test_on_failure_callback.py"", ""airflow-core/tests/unit/dags/test_on_kill.py"", ""airflow-core/tests/unit/dags/test_only_empty_tasks.py"", ""airflow-core/tests/unit/dags/test_parsing_context.py"", ""airflow-core/tests/unit/dags/test_scheduler_dags.py"", ""airflow-core/tests/unit/dags/test_sensor.py"", ""airflow-core/tests/unit/dags/test_task_view_type_check.py"", ""airflow-core/tests/unit/dags/test_valid_param.py"", ""airflow-core/tests/unit/dags/test_valid_param2.py"", ""airflow-core/tests/unit/dags/test_with_non_default_owner.py"", ""airflow-core/tests/unit/dags/test_zip/file_no_airflow_dag.py"", ""airflow-core/tests/unit/dags/test_zip/test_zip.py"", ""airflow-core/tests/unit/dags/test_zip/test_zip_module/__init__.py"", ""airflow-core/tests/unit/dags/test_zip/test_zip_module/test.py""]",[],False
oracle_hybrid_rag,structure-017,results\final_evaluation\oracle_hybrid_rag_results.csv,1.0,0,[],"[""airflow-core/src/airflow/api_fastapi/core_api/datamodels/monitor.py"", ""airflow-core/src/airflow/api_fastapi/core_api/datamodels/plugins.py"", ""airflow-core/src/airflow/api_fastapi/core_api/datamodels/pools.py"", ""airflow-core/src/airflow/api_fastapi/core_api/datamodels/providers.py"", ""airflow-core/src/airflow/api_fastapi/core_api/datamodels/task_instance_history.py"", ""airflow-core/src/airflow/api_fastapi/core_api/datamodels/task_instances.py"", ""airflow-core/src/airflow/api_fastapi/core_api/datamodels/task_state_store.py"", ""airflow-core/src/airflow/api_fastapi/core_api/datamodels/tasks.py"", ""airflow-core/src/airflow/api_fastapi/core_api/datamodels/trigger.py"", ""airflow-core/src/airflow/api_fastapi/core_api/datamodels/ui/__init__.py"", ""airflow-core/src/airflow/api_fastapi/core_api/datamodels/ui/assets.py"", ""airflow-core/src/airflow/api_fastapi/core_api/datamodels/ui/auth.py"", ""airflow-core/src/airflow/api_fastapi/core_api/datamodels/ui/calendar.py"", ""airflow-core/src/airflow/api_fastapi/core_api/datamodels/ui/common.py"", ""airflow-core/src/airflow/api_fastapi/core_api/datamodels/ui/config.py"", ""airflow-core/src/airflow/api_fastapi/core_api/datamodels/ui/dag_runs.py"", ""airflow-core/src/airflow/api_fastapi/core_api/datamodels/ui/dags.py"", ""airflow-core/src/airflow/api_fastapi/core_api/datamodels/ui/dashboard.py"", ""airflow-core/src/airflow/api_fastapi/core_api/datamodels/ui/deadline.py"", ""airflow-core/src/airflow/api_fastapi/core_api/datamodels/ui/gantt.py"", ""airflow-core/src/airflow/api_fastapi/core_api/datamodels/ui/grid.py"", ""airflow-core/src/airflow/api_fastapi/core_api/datamodels/ui/partitioned_dag_runs.py"", ""airflow-core/src/airflow/api_fastapi/core_api/datamodels/ui/structure.py"", ""airflow-core/src/airflow/api_fastapi/core_api/datamodels/ui/teams.py"", ""airflow-core/src/airflow/api_fastapi/core_api/datamodels/variables.py"", ""airflow-core/src/airflow/api_fastapi/core_api/datamodels/version.py"", ""airflow-core/src/airflow/api_fastapi/core_api/datamodels/xcom.py""]",[],False
oracle_hybrid_rag,structure-027,results\final_evaluation\oracle_hybrid_rag_results.csv,1.0,0,[],"[""airflow-core/src/airflow/ui/src/components/FlexibleForm/Row.tsx"", ""airflow-core/src/airflow/ui/src/components/FlexibleForm/index.tsx"", ""airflow-core/src/airflow/ui/src/components/FlexibleForm/isParamRequired.tsx""]",[],False
oracle_hybrid_rag,structure-012,results\final_evaluation\oracle_hybrid_rag_results.csv,1.0,0,[],"[""airflow-core/tests/unit/api_fastapi/common/test_dagbag.py"", ""airflow-core/tests/unit/api_fastapi/common/test_exceptions.py"", ""airflow-core/tests/unit/api_fastapi/common/test_http_access_log.py"", ""airflow-core/tests/unit/api_fastapi/common/test_parameters.py"", ""airflow-core/tests/unit/api_fastapi/common/test_partition_helpers.py"", ""airflow-core/tests/unit/api_fastapi/common/test_types.py"", ""airflow-core/tests/unit/api_fastapi/common/test_uuid_serialization.py"", ""airflow-core/tests/unit/api_fastapi/conftest.py"", ""airflow-core/tests/unit/api_fastapi/core_api/__init__.py"", ""airflow-core/tests/unit/api_fastapi/core_api/datamodels/__init__.py"", ""airflow-core/tests/unit/api_fastapi/core_api/datamodels/test_common.py"", ""airflow-core/tests/unit/api_fastapi/core_api/datamodels/test_dag_run.py"", ""airflow-core/tests/unit/api_fastapi/core_api/datamodels/test_dags.py"", ""airflow-core/tests/unit/api_fastapi/core_api/datamodels/test_trigger.py"", ""airflow-core/tests/unit/api_fastapi/core_api/datamodels/test_ui_common.py"", ""airflow-core/tests/unit/api_fastapi/core_api/routes/__init__.py"", ""airflow-core/tests/unit/api_fastapi/core_api/routes/public/__init__.py"", ""airflow-core/tests/unit/api_fastapi/core_api/routes/public/test_asset_state_store.py"", ""airflow-core/tests/unit/api_fastapi/core_api/routes/public/test_assets.py"", ""airflow-core/tests/unit/api_fastapi/core_api/routes/public/test_auth.py"", ""airflow-core/tests/unit/api_fastapi/core_api/routes/public/test_backfills.py"", ""airflow-core/tests/unit/api_fastapi/core_api/routes/public/test_config.py"", ""airflow-core/tests/unit/api_fastapi/core_api/routes/public/test_connections.py"", ""airflow-core/tests/unit/api_fastapi/core_api/routes/public/test_dag_parsing.py"", ""airflow-core/tests/unit/api_fastapi/core_api/routes/public/test_dag_sources.py"", ""airflow-core/tests/unit/api_fastapi/core_api/routes/public/test_dag_stats.py"", ""airflow-core/tests/unit/api_fastapi/core_api/routes/public/test_dag_tags.py"", ""airflow-core/tests/unit/api_fastapi/core_api/routes/public/test_dag_versions.py"", ""airflow-core/tests/unit/api_fastapi/core_api/routes/public/test_dag_warning.py"", ""airflow-core/tests/unit/api_fastapi/core_api/routes/public/test_dags.py"", ""airflow-core/tests/unit/api_fastapi/core_api/routes/public/test_event_logs.py"", ""airflow-core/tests/unit/api_fastapi/core_api/routes/public/test_extra_links.py"", ""airflow-core/tests/unit/api_fastapi/core_api/routes/public/test_hitl.py"", ""airflow-core/tests/unit/api_fastapi/core_api/routes/public/test_import_error.py"", ""airflow-core/tests/unit/api_fastapi/core_api/routes/public/test_job.py"", ""airflow-core/tests/unit/api_fastapi/core_api/routes/public/test_log.py"", ""airflow-core/tests/unit/api_fastapi/core_api/routes/public/test_monitor.py"", ""airflow-core/tests/unit/api_fastapi/core_api/routes/public/test_plugins.py"", ""airflow-core/tests/unit/api_fastapi/core_api/routes/public/test_pools.py"", ""airflow-core/tests/unit/api_fastapi/core_api/routes/public/test_providers.py"", ""airflow-core/tests/unit/api_fastapi/core_api/routes/public/test_task_state_store.py"", ""airflow-core/tests/unit/api_fastapi/core_api/routes/public/test_tasks.py"", ""airflow-core/tests/unit/api_fastapi/core_api/routes/public/test_variables.py"", ""airflow-core/tests/unit/api_fastapi/core_api/routes/public/test_version.py"", ""airflow-core/tests/unit/api_fastapi/core_api/routes/public/test_xcom.py"", ""airflow-core/tests/unit/api_fastapi/core_api/routes/test_routes.py"", ""airflow-core/tests/unit/api_fastapi/core_api/routes/ui/__init__.py"", ""airflow-core/tests/unit/api_fastapi/core_api/routes/ui/test_assets.py"", ""airflow-core/tests/unit/api_fastapi/core_api/routes/ui/test_auth.py"", ""airflow-core/tests/unit/api_fastapi/core_api/routes/ui/test_backfills.py"", ""airflow-core/tests/unit/api_fastapi/core_api/routes/ui/test_calendar.py"", ""airflow-core/tests/unit/api_fastapi/core_api/routes/ui/test_config.py"", ""airflow-core/tests/unit/api_fastapi/core_api/routes/ui/test_connections.py"", ""airflow-core/tests/unit/api_fastapi/core_api/routes/ui/test_dags.py"", ""airflow-core/tests/unit/api_fastapi/core_api/routes/ui/test_dashboard.py"", ""airflow-core/tests/unit/api_fastapi/core_api/routes/ui/test_deadlines.py"", ""airflow-core/tests/unit/api_fastapi/core_api/routes/ui/test_dependencies.py"", ""airflow-core/tests/unit/api_fastapi/core_api/routes/ui/test_gantt.py"", ""airflow-core/tests/unit/api_fastapi/core_api/routes/ui/test_grid.py"", ""airflow-core/tests/unit/api_fastapi/core_api/routes/ui/test_partitioned_dag_runs.py"", ""airflow-core/tests/unit/api_fastapi/core_api/routes/ui/test_structure.py"", ""airflow-core/tests/unit/api_fastapi/core_api/routes/ui/test_teams.py"", ""airflow-core/tests/unit/api_fastapi/core_api/services/__init__.py"", ""airflow-core/tests/unit/api_fastapi/core_api/services/public/__init__.py"", ""airflow-core/tests/unit/api_fastapi/core_api/services/public/test_task_instances.py"", ""airflow-core/tests/unit/api_fastapi/core_api/services/ui/__init__.py"", ""airflow-core/tests/unit/api_fastapi/core_api/services/ui/test_connections.py"", ""airflow-core/tests/unit/api_fastapi/core_api/services/ui/test_grid.py"", ""airflow-core/tests/unit/api_fastapi/core_api/test_app.py"", ""airflow-core/tests/unit/api_fastapi/core_api/test_base.py"", ""airflow-core/tests/unit/api_fastapi/core_api/test_security.py"", ""airflow-core/tests/unit/api_fastapi/execution_api/__init__.py"", ""airflow-core/tests/unit/api_fastapi/execution_api/conftest.py"", ""airflow-core/tests/unit/api_fastapi/execution_api/routes/__init__.py"", ""airflow-core/tests/unit/api_fastapi/execution_api/routes/test_health_routes.py"", ""airflow-core/tests/unit/api_fastapi/execution_api/test_app.py"", ""airflow-core/tests/unit/api_fastapi/execution_api/test_security.py"", ""airflow-core/tests/unit/api_fastapi/execution_api/test_token_scope_boundaries.py"", ""airflow-core/tests/unit/api_fastapi/execution_api/versions/__init__.py"", ""airflow-core/tests/unit/api_fastapi/execution_api/versions/head/__init__.py""]",[],False
oracle_hybrid_rag,structure-004,results\final_evaluation\oracle_hybrid_rag_results.csv,1.0,0,[],"[""airflow-core/src/airflow/cli/commands/rotate_fernet_key_command.py"", ""airflow-core/src/airflow/cli/commands/scheduler_command.py"", ""airflow-core/src/airflow/cli/commands/standalone_command.py"", ""airflow-core/src/airflow/cli/commands/state_store_command.py"", ""airflow-core/src/airflow/cli/commands/task_command.py"", ""airflow-core/src/airflow/cli/commands/team_command.py"", ""airflow-core/src/airflow/cli/commands/triggerer_command.py"", ""airflow-core/src/airflow/cli/commands/variable_command.py"", ""airflow-core/src/airflow/cli/commands/version_command.py""]",[],False
oracle_hybrid_rag,code_retrieval-033,results\final_evaluation\oracle_hybrid_rag_results.csv,1.0,0,[],"[""airflow-core/tests/unit/models/test_connection.py"", ""providers/common/sql/tests/unit/common/sql/datafusion/test_engine.py"", ""task-sdk/tests/task_sdk/execution_time/test_context_cache.py""]",[],False
oracle_hybrid_rag,structure-005,results\final_evaluation\oracle_hybrid_rag_results.csv,1.0,0,[],"[""airflow-core/src/airflow/api_fastapi/core_api/routes/public/log.py"", ""airflow-core/src/airflow/api_fastapi/core_api/routes/public/monitor.py"", ""airflow-core/src/airflow/api_fastapi/core_api/routes/public/plugins.py"", ""airflow-core/src/airflow/api_fastapi/core_api/routes/public/pools.py"", ""airflow-core/src/airflow/api_fastapi/core_api/routes/public/providers.py"", ""airflow-core/src/airflow/api_fastapi/core_api/routes/public/task_instances.py"", ""airflow-core/src/airflow/api_fastapi/core_api/routes/public/task_state_store.py"", ""airflow-core/src/airflow/api_fastapi/core_api/routes/public/tasks.py"", ""airflow-core/src/airflow/api_fastapi/core_api/routes/public/variables.py"", ""airflow-core/src/airflow/api_fastapi/core_api/routes/public/version.py"", ""airflow-core/src/airflow/api_fastapi/core_api/routes/public/xcom.py""]",[],False
oracle_hybrid_rag,structure-003,results\final_evaluation\oracle_hybrid_rag_results.csv,1.0,0,[],"[""dev/breeze/doc/adr/0005-preventing-using-contributed-code-when-building-images.md"", ""dev/breeze/doc/adr/0006-using-root-user-and-fixing-ownership-for-ci-container.md"", ""dev/breeze/doc/adr/0007-using-database-volumes-for-backends.md"", ""dev/breeze/doc/adr/0008-fixing-group-permissions-before-build.md"", ""dev/breeze/doc/adr/0009-exclude-all-files-from-dockerignore-by-default.md"", ""dev/breeze/doc/adr/0010-use-pipx-to-install-breeze.md"", ""dev/breeze/doc/adr/0011-unified-communication-with-the-users.md"", ""dev/breeze/doc/adr/0012-asking-user-for-confirmation.md"", ""dev/breeze/doc/adr/0013-get-rid-of-submodules.md"", ""dev/breeze/doc/adr/0014-fix-root-ownership-after-exiting-docker-command.md"", ""dev/breeze/doc/adr/0015-handling-rootless-docker.md"", ""dev/breeze/doc/adr/0016-use-uv-tool-to-install-breeze.md"", ""dev/breeze/doc/adr/0017-use-uvx-to-run-breeze-from-local-sources.md"", ""dev/breeze/doc/ci/01_ci_environment.md"", ""dev/breeze/doc/ci/02_images.md"", ""dev/breeze/doc/ci/03_github_variables.md"", ""dev/breeze/doc/ci/04_selective_checks.md"", ""dev/breeze/doc/ci/05_workflows.md"", ""dev/breeze/doc/ci/06_debugging.md"", ""dev/breeze/doc/ci/07_running_ci_locally.md"", ""dev/breeze/doc/ci/README.md"", ""dev/ide_setup/AGENTS.md"", ""dev/mypy/README.md"", ""dev/react-plugin-tools/README.md"", ""dev/react-plugin-tools/react_plugin_template/README.md"", ""dev/skill-evals/README.md"", ""dev/system_tests/README.md""]",[],False
oracle_hybrid_rag,structure-008,results\final_evaluation\oracle_hybrid_rag_results.csv,1.0,0,[],"[""airflow-core/docs/administration-and-deployment/priority-weight.rst"", ""airflow-core/docs/administration-and-deployment/production-deployment.rst"", ""airflow-core/docs/administration-and-deployment/scheduler.rst"", ""airflow-core/docs/administration-and-deployment/task-and-asset-state-store-cleanup.rst"", ""airflow-core/docs/administration-and-deployment/task-and-asset-state-store.rst"", ""airflow-core/docs/administration-and-deployment/web-stack.rst""]",[],False
oracle_hybrid_rag,structure-023,results\final_evaluation\oracle_hybrid_rag_results.csv,1.0,0,[],"[""airflow-core/tests/unit/utils/test_email.py"", ""airflow-core/tests/unit/utils/test_event_scheduler.py"", ""airflow-core/tests/unit/utils/test_file.py"", ""airflow-core/tests/unit/utils/test_helpers.py"", ""airflow-core/tests/unit/utils/test_json.py"", ""airflow-core/tests/unit/utils/test_log_handlers.py"", ""airflow-core/tests/unit/utils/test_logging_mixin.py"", ""airflow-core/tests/unit/utils/test_memray_utils.py"", ""airflow-core/tests/unit/utils/test_net.py"", ""airflow-core/tests/unit/utils/test_operator_helpers.py"", ""airflow-core/tests/unit/utils/test_orm_event_handlers.py"", ""airflow-core/tests/unit/utils/test_process_utils.py"", ""airflow-core/tests/unit/utils/test_retries.py"", ""airflow-core/tests/unit/utils/test_scheduler_health.py"", ""airflow-core/tests/unit/utils/test_serve_logs.py"", ""airflow-core/tests/unit/utils/test_session.py"", ""airflow-core/tests/unit/utils/test_sqlalchemy.py"", ""airflow-core/tests/unit/utils/test_state.py"", ""airflow-core/tests/unit/utils/test_strings.py"", ""airflow-core/tests/unit/utils/test_task_group.py"", ""airflow-core/tests/unit/utils/test_timeout_traceback.py"", ""airflow-core/tests/unit/utils/test_trigger_rule.py"", ""airflow-core/tests/unit/utils/test_types.py""]",[],False
oracle_hybrid_rag,structure-007,results\final_evaluation\oracle_hybrid_rag_results.csv,1.0,0,[],"[""airflow-core/src/airflow/api_fastapi/auth/managers/simple/user.py"", ""airflow-core/src/airflow/api_fastapi/auth/managers/simple/utils.py"", ""airflow-core/src/airflow/api_fastapi/auth/middlewares/__init__.py"", ""airflow-core/src/airflow/api_fastapi/auth/middlewares/refresh_token.py"", ""airflow-core/src/airflow/api_fastapi/auth/tokens.py"", ""airflow-core/src/airflow/api_fastapi/common/__init__.py"", ""airflow-core/src/airflow/api_fastapi/common/cursors.py"", ""airflow-core/src/airflow/api_fastapi/common/dagbag.py"", ""airflow-core/src/airflow/api_fastapi/common/db/__init__.py"", ""airflow-core/src/airflow/api_fastapi/common/db/common.py"", ""airflow-core/src/airflow/api_fastapi/common/db/dag_runs.py"", ""airflow-core/src/airflow/api_fastapi/common/db/dags.py"", ""airflow-core/src/airflow/api_fastapi/common/db/task_instances.py"", ""airflow-core/src/airflow/api_fastapi/common/exceptions.py"", ""airflow-core/src/airflow/api_fastapi/common/headers.py"", ""airflow-core/src/airflow/api_fastapi/common/http_access_log.py"", ""airflow-core/src/airflow/api_fastapi/common/parameters.py"", ""airflow-core/src/airflow/api_fastapi/common/partition_helpers.py"", ""airflow-core/src/airflow/api_fastapi/common/router.py"", ""airflow-core/src/airflow/api_fastapi/common/types.py"", ""airflow-core/src/airflow/api_fastapi/compat.py"", ""airflow-core/src/airflow/api_fastapi/core_api/__init__.py"", ""airflow-core/src/airflow/api_fastapi/core_api/app.py"", ""airflow-core/src/airflow/api_fastapi/core_api/base.py"", ""airflow-core/src/airflow/api_fastapi/core_api/datamodels/__init__.py"", ""airflow-core/src/airflow/api_fastapi/core_api/datamodels/asset_state_store.py"", ""airflow-core/src/airflow/api_fastapi/core_api/datamodels/assets.py"", ""airflow-core/src/airflow/api_fastapi/core_api/datamodels/backfills.py"", ""airflow-core/src/airflow/api_fastapi/core_api/datamodels/common.py"", ""airflow-core/src/airflow/api_fastapi/core_api/datamodels/config.py"", ""airflow-core/src/airflow/api_fastapi/core_api/datamodels/connections.py"", ""airflow-core/src/airflow/api_fastapi/core_api/datamodels/dag_run.py"", ""airflow-core/src/airflow/api_fastapi/core_api/datamodels/dag_sources.py"", ""airflow-core/src/airflow/api_fastapi/core_api/datamodels/dag_stats.py"", ""airflow-core/src/airflow/api_fastapi/core_api/datamodels/dag_tags.py"", ""airflow-core/src/airflow/api_fastapi/core_api/datamodels/dag_versions.py"", ""airflow-core/src/airflow/api_fastapi/core_api/datamodels/dag_warning.py"", ""airflow-core/src/airflow/api_fastapi/core_api/datamodels/dags.py"", ""airflow-core/src/airflow/api_fastapi/core_api/datamodels/event_logs.py"", ""airflow-core/src/airflow/api_fastapi/core_api/datamodels/extra_links.py"", ""airflow-core/src/airflow/api_fastapi/core_api/datamodels/hitl.py"", ""airflow-core/src/airflow/api_fastapi/core_api/datamodels/import_error.py"", ""airflow-core/src/airflow/api_fastapi/core_api/datamodels/job.py"", ""airflow-core/src/airflow/api_fastapi/core_api/datamodels/log.py"", ""airflow-core/src/airflow/api_fastapi/core_api/datamodels/monitor.py"", ""airflow-core/src/airflow/api_fastapi/core_api/datamodels/plugins.py"", ""airflow-core/src/airflow/api_fastapi/core_api/datamodels/pools.py"", ""airflow-core/src/airflow/api_fastapi/core_api/datamodels/providers.py"", ""airflow-core/src/airflow/api_fastapi/core_api/datamodels/task_instance_history.py"", ""airflow-core/src/airflow/api_fastapi/core_api/datamodels/task_instances.py"", ""airflow-core/src/airflow/api_fastapi/core_api/datamodels/task_state_store.py"", ""airflow-core/src/airflow/api_fastapi/core_api/datamodels/tasks.py"", ""airflow-core/src/airflow/api_fastapi/core_api/datamodels/trigger.py"", ""airflow-core/src/airflow/api_fastapi/core_api/datamodels/ui/__init__.py"", ""airflow-core/src/airflow/api_fastapi/core_api/datamodels/ui/assets.py"", ""airflow-core/src/airflow/api_fastapi/core_api/datamodels/ui/auth.py"", ""airflow-core/src/airflow/api_fastapi/core_api/datamodels/ui/calendar.py"", ""airflow-core/src/airflow/api_fastapi/core_api/datamodels/ui/common.py"", ""airflow-core/src/airflow/api_fastapi/core_api/datamodels/ui/config.py"", ""airflow-core/src/airflow/api_fastapi/core_api/datamodels/ui/dag_runs.py"", ""airflow-core/src/airflow/api_fastapi/core_api/datamodels/ui/dags.py"", ""airflow-core/src/airflow/api_fastapi/core_api/datamodels/ui/dashboard.py"", ""airflow-core/src/airflow/api_fastapi/core_api/datamodels/ui/deadline.py"", ""airflow-core/src/airflow/api_fastapi/core_api/datamodels/ui/gantt.py"", ""airflow-core/src/airflow/api_fastapi/core_api/datamodels/ui/grid.py"", ""airflow-core/src/airflow/api_fastapi/core_api/datamodels/ui/partitioned_dag_runs.py"", ""airflow-core/src/airflow/api_fastapi/core_api/datamodels/ui/structure.py"", ""airflow-core/src/airflow/api_fastapi/core_api/datamodels/ui/teams.py"", ""airflow-core/src/airflow/api_fastapi/core_api/datamodels/variables.py"", ""airflow-core/src/airflow/api_fastapi/core_api/datamodels/version.py"", ""airflow-core/src/airflow/api_fastapi/core_api/datamodels/xcom.py"", ""airflow-core/src/airflow/api_fastapi/core_api/openapi/__init__.py"", ""airflow-core/src/airflow/api_fastapi/core_api/openapi/exceptions.py"", ""airflow-core/src/airflow/api_fastapi/core_api/routes/__init__.py"", ""airflow-core/src/airflow/api_fastapi/core_api/routes/public/__init__.py"", ""airflow-core/src/airflow/api_fastapi/core_api/routes/public/asset_state_store.py"", ""airflow-core/src/airflow/api_fastapi/core_api/routes/public/assets.py"", ""airflow-core/src/airflow/api_fastapi/core_api/routes/public/auth.py"", ""airflow-core/src/airflow/api_fastapi/core_api/routes/public/backfills.py"", ""airflow-core/src/airflow/api_fastapi/core_api/routes/public/config.py""]",[],False
oracle_hybrid_rag,code_retrieval-013,results\final_evaluation\oracle_hybrid_rag_results.csv,1.0,0,[],"[""airflow-core/docs/administration-and-deployment/pools.rst"", ""airflow-core/docs/administration-and-deployment/scheduler.rst"", ""airflow-core/docs/administration-and-deployment/task-and-asset-state-store-cleanup.rst"", ""airflow-core/docs/authoring-and-scheduling/cron.rst"", ""airflow-core/docs/authoring-and-scheduling/deferring.rst"", ""airflow-core/docs/authoring-and-scheduling/language-sdks/index.rst"", ""airflow-core/docs/authoring-and-scheduling/timetable.rst"", ""airflow-core/docs/authoring-and-scheduling/timezone.rst"", ""airflow-core/docs/core-concepts/dag-run.rst"", ""airflow-core/docs/core-concepts/sensors.rst"", ""airflow-core/docs/core-concepts/task-state-store.rst"", ""airflow-core/docs/core-concepts/tasks.rst"", ""airflow-core/docs/faq.rst"", ""airflow-core/docs/howto/deadline-alerts.rst"", ""airflow-core/docs/howto/sla-to-deadlines.rst"", ""airflow-core/docs/howto/timetable.rst"", ""airflow-core/docs/templates-ref.rst"", ""airflow-core/docs/tutorial/pipeline.rst"", ""airflow-core/newsfragments/69143.bugfix.rst"", ""airflow-core/src/airflow/api_fastapi/common/types.py"", ""airflow-core/src/airflow/api_fastapi/core_api/datamodels/dags.py"", ""airflow-core/src/airflow/api_fastapi/core_api/routes/public/task_state_store.py"", ""airflow-core/src/airflow/api_fastapi/execution_api/datamodels/taskinstance.py"", ""airflow-core/src/airflow/api_fastapi/execution_api/versions/v2026_04_06.py"", ""airflow-core/src/airflow/dag_processing/bundles/base.py"", ""airflow-core/src/airflow/dag_processing/dagbag.py"", ""airflow-core/src/airflow/dag_processing/manager.py"", ""airflow-core/src/airflow/example_dags/example_custom_weight.py"", ""airflow-core/src/airflow/example_dags/example_latest_only_with_trigger.py"", ""airflow-core/src/airflow/example_dags/example_passing_params_via_test_command.py"", ""airflow-core/src/airflow/example_dags/example_retry_policy.py"", ""airflow-core/src/airflow/example_dags/example_skip_dag.py"", ""airflow-core/src/airflow/example_dags/example_task_state_store.py"", ""airflow-core/src/airflow/example_dags/example_time_delta_sensor_async.py"", ""airflow-core/src/airflow/example_dags/plugins/business_day_window.py"", ""airflow-core/src/airflow/example_dags/plugins/workday.py"", ""airflow-core/src/airflow/example_dags/tutorial.py"", ""airflow-core/src/airflow/migrations/versions/0117_3_3_0_change_deadline_interval_to_json.py"", ""airflow-core/src/airflow/models/dag.py"", ""airflow-core/src/airflow/models/deadline.py"", ""airflow-core/src/airflow/models/deadline_alert.py"", ""airflow-core/src/airflow/models/serialized_dag.py"", ""airflow-core/src/airflow/models/taskinstance.py"", ""airflow-core/src/airflow/models/trigger.py"", ""airflow-core/src/airflow/partition_mappers/temporal.py"", ""airflow-core/src/airflow/partition_mappers/window.py"", ""airflow-core/src/airflow/sensors/__init__.py"", ""airflow-core/src/airflow/serialization/decoders.py"", ""airflow-core/src/airflow/serialization/definitions/baseoperator.py"", ""airflow-core/src/airflow/serialization/definitions/dag.py"", ""airflow-core/src/airflow/serialization/definitions/deadline.py"", ""airflow-core/src/airflow/serialization/definitions/mappedoperator.py"", ""airflow-core/src/airflow/serialization/enums.py"", ""airflow-core/src/airflow/serialization/schema.json"", ""airflow-core/src/airflow/serialization/serialized_objects.py"", ""airflow-core/src/airflow/timetables/_cron.py"", ""airflow-core/src/airflow/timetables/_delta.py"", ""airflow-core/src/airflow/timetables/interval.py"", ""airflow-core/src/airflow/timetables/simple.py"", ""airflow-core/src/airflow/timetables/trigger.py"", ""airflow-core/src/airflow/triggers/base.py"", ""airflow-core/tests/unit/api_fastapi/auth/test_tokens.py"", ""airflow-core/tests/unit/api_fastapi/conftest.py"", ""airflow-core/tests/unit/api_fastapi/core_api/datamodels/test_dags.py"", ""airflow-core/tests/unit/api_fastapi/core_api/routes/public/test_assets.py"", ""airflow-core/tests/unit/api_fastapi/core_api/routes/public/test_backfills.py"", ""airflow-core/tests/unit/api_fastapi/core_api/routes/public/test_dag_stats.py"", ""airflow-core/tests/unit/api_fastapi/core_api/routes/public/test_dags.py"", ""airflow-core/tests/unit/api_fastapi/core_api/routes/public/test_hitl.py"", ""airflow-core/tests/unit/api_fastapi/core_api/routes/public/test_monitor.py"", ""airflow-core/tests/unit/api_fastapi/core_api/routes/ui/test_dashboard.py"", ""airflow-core/tests/unit/api_fastapi/core_api/routes/ui/test_grid.py"", ""airflow-core/tests/unit/cli/commands/test_dag_command.py"", ""airflow-core/tests/unit/cluster_policies/__init__.py"", ""airflow-core/tests/unit/core/test_core.py"", ""airflow-core/tests/unit/core/test_example_dags_system.py"", ""airflow-core/tests/unit/dag_processing/bundles/test_base.py"", ""airflow-core/tests/unit/dag_processing/test_collection.py"", ""airflow-core/tests/unit/dag_processing/test_dagbag.py"", ""airflow-core/tests/unit/dags/test_cli_triggered_dags.py"", ""airflow-core/tests/unit/dags/test_dag_for_db_queries_counter.py"", ""airflow-core/tests/unit/dags/test_dag_version_inflation_check.py"", ""airflow-core/tests/unit/dags/test_dag_xcom_openlineage.py"", ""airflow-core/tests/unit/dags/test_example_bash_operator.py"", ""airflow-core/tests/unit/dags/test_failing.py"", ""airflow-core/tests/unit/dags/test_future_start_date.py"", ""airflow-core/tests/unit/dags/test_miscellaneous.py"", ""airflow-core/tests/unit/dags/test_missing_owner.py"", ""airflow-core/tests/unit/dags/test_multiple_dags.py"", ""airflow-core/tests/unit/dags/test_scheduler_dags.py"", ""airflow-core/tests/unit/dags/test_sensor.py"", ""airflow-core/tests/unit/dags/test_with_non_default_owner.py"", ""airflow-core/tests/unit/dags_corrupted/test_impersonation_custom.py"", ""airflow-core/tests/unit/dags_corrupted/test_nonstring_owner.py"", ""airflow-core/tests/unit/dags_with_system_exit/a_system_exit.py"", ""airflow-core/tests/unit/dags_with_system_exit/b_test_scheduler_dags.py"", ""airflow-core/tests/unit/dags_with_system_exit/c_system_exit.py"", ""airflow-core/tests/unit/executors/test_base_executor.py"", ""airflow-core/tests/unit/jobs/test_base_job.py""]",[],False
oracle_hybrid_rag,developer_activity-027,results\final_evaluation\oracle_hybrid_rag_results.csv,1.0,0,[],"[""17470a281415c9e68e9c7881229716f0572fdf39"", ""20ce3d49e8d77d8ccabf4916148f52f93879abfa"", ""6491f0b0c08882b64303ec8d6f8bd3c464246b9a"", ""739ac7e54626f8cbcacd10ebf46a184c06a4217b"", ""7452e193c68ebaeecd46f322f333dc7e41de15af"", ""753a45d0ddcd8f34b5d8d9e74a22934281065734"", ""8843ea00777a700cb88d73ade488d885d4f6f3a8"", ""aa7062d882df29c73663ae707cfff1b71f430ed8"", ""cc91f50e52304f4ee340ad6616db812c4e796f6a"", ""ce27bed0928a823b388ed411e30bc56280183119"", ""cf65724995c1d5ddf60a038a7948f19af9902780"", ""e2f18353e1ed394ff8c684e3effc5439663809a2"", ""eb2c12942eb54857a572de80cfb18accb623b4bf"", ""ee3269b0d126056f3c8d63556ac6037aa1315c67"", ""f472341296771a12855f7042da76fce4e3410fd9"", ""ff26ac36a03c59c5caad61a1af6b8d0f94d80934""]","[""unexpected_commit:cf65724995c1d5ddf60a038a7948f19af9902780"", ""unexpected_commit:ff26ac36a03c59c5caad61a1af6b8d0f94d80934"", ""unexpected_commit:7452e193c68ebaeecd46f322f333dc7e41de15af"", ""unexpected_commit:aa7062d882df29c73663ae707cfff1b71f430ed8"", ""unexpected_commit:17470a281415c9e68e9c7881229716f0572fdf39"", ""unexpected_commit:739ac7e54626f8cbcacd10ebf46a184c06a4217b"", ""unexpected_commit:753a45d0ddcd8f34b5d8d9e74a22934281065734"", ""unexpected_commit:f472341296771a12855f7042da76fce4e3410fd9"", ""unexpected_commit:ce27bed0928a823b388ed411e30bc56280183119"", ""unexpected_commit:e2f18353e1ed394ff8c684e3effc5439663809a2"", ""unexpected_commit:20ce3d49e8d77d8ccabf4916148f52f93879abfa"", ""unexpected_commit:8843ea00777a700cb88d73ade488d885d4f6f3a8"", ""unexpected_commit:6491f0b0c08882b64303ec8d6f8bd3c464246b9a"", ""unexpected_commit:ee3269b0d126056f3c8d63556ac6037aa1315c67"", ""unexpected_commit:cc91f50e52304f4ee340ad6616db812c4e796f6a"", ""unexpected_commit:eb2c12942eb54857a572de80cfb18accb623b4bf""]",False
oracle_hybrid_rag,developer_activity-008,results\final_evaluation\oracle_hybrid_rag_results.csv,1.0,0,[],"[""090136418a5e2d939ee4fe09e9be74757f497bb8"", ""098cfb60b6de7d75d9c2d39f6b2ee23b8b6ead43"", ""24ea3e9916d08cd2034f4f97d4af844ebf7c2bae"", ""2742ccbd4a0a3ee72b1fde500c093a9da41322ce"", ""556824d7c7f31405deb6ba7bc066cf957eed0be5"", ""75504b859f8abbbe7cc05324b7842e4a71d90d4f"", ""775e85dd1716c8c3da53722a645f2cd51bdf4abc"", ""7ff5e857fdb41a9f3e012c56390c2baa1f8b0f3e"", ""9106b8383489c4db969feb0198c6dd81f6f96ea1"", ""cc199a7a1581f76403d7c88b420caa452cd4f595"", ""d4fc5b036bbd851dab9fabe4460c9578c7ff2da0"", ""d5cf15107a3dc797354e5d3c353a846f377a64a1"", ""d8014ae193f5190625a338c4d7faf095ddcd65bd"", ""e7a6c22ef05ba86c57477b3971818459c471f6e6"", ""f09d67cc1c216b445d01f1893f37ff391bb3b4b7""]","[""unexpected_commit:090136418a5e2d939ee4fe09e9be74757f497bb8"", ""unexpected_commit:d4fc5b036bbd851dab9fabe4460c9578c7ff2da0"", ""unexpected_commit:75504b859f8abbbe7cc05324b7842e4a71d90d4f"", ""unexpected_commit:9106b8383489c4db969feb0198c6dd81f6f96ea1"", ""unexpected_commit:2742ccbd4a0a3ee72b1fde500c093a9da41322ce"", ""unexpected_commit:cc199a7a1581f76403d7c88b420caa452cd4f595"", ""unexpected_commit:775e85dd1716c8c3da53722a645f2cd51bdf4abc"", ""unexpected_commit:24ea3e9916d08cd2034f4f97d4af844ebf7c2bae"", ""unexpected_commit:098cfb60b6de7d75d9c2d39f6b2ee23b8b6ead43"", ""unexpected_commit:d8014ae193f5190625a338c4d7faf095ddcd65bd"", ""unexpected_commit:e7a6c22ef05ba86c57477b3971818459c471f6e6"", ""unexpected_commit:d5cf15107a3dc797354e5d3c353a846f377a64a1"", ""unexpected_commit:556824d7c7f31405deb6ba7bc066cf957eed0be5"", ""unexpected_commit:7ff5e857fdb41a9f3e012c56390c2baa1f8b0f3e"", ""unexpected_commit:f09d67cc1c216b445d01f1893f37ff391bb3b4b7""]",False
oracle_hybrid_rag,multi_hop-048,results\final_evaluation\oracle_hybrid_rag_results.csv,1.0,0,[],"[""mlflow/server/js/src/components/LoadMoreBar.js"", ""mlflow/server/js/src/components/LoadMoreBar.test.js"", ""mlflow/server/js/src/components/MetricView.css"", ""mlflow/server/js/src/components/MetricView.js"", ""mlflow/server/js/src/components/MetricsPlotControls.js"", ""mlflow/server/js/src/components/MetricsPlotControls.test.js"", ""mlflow/server/js/src/components/MetricsPlotPanel.js"", ""mlflow/server/js/src/components/MetricsPlotPanel.test.js"", ""mlflow/server/js/src/components/MetricsPlotView.js"", ""mlflow/server/js/src/components/MetricsPlotView.test.js"", ""mlflow/server/js/src/components/ParallelCoordinatesPlotControls.js"", ""mlflow/server/js/src/components/ParallelCoordinatesPlotControls.test.js"", ""mlflow/server/js/src/components/ParallelCoordinatesPlotPanel.css"", ""mlflow/server/js/src/components/ParallelCoordinatesPlotPanel.js"", ""mlflow/server/js/src/components/ParallelCoordinatesPlotPanel.test.js"", ""mlflow/server/js/src/components/ParallelCoordinatesPlotView.js"", ""mlflow/server/js/src/components/ParallelCoordinatesPlotView.test.js"", ""mlflow/server/js/src/components/RunView.js"", ""mlflow/server/js/src/components/tables/EditableFormTable.css"", ""mlflow/server/js/src/components/tables/EditableFormTable.js"", ""mlflow/server/js/src/components/tables/EditableFormTable.test.js"", ""mlflow/server/js/src/index.css"", ""mlflow/server/js/src/reducers/MetricReducer.js"", ""mlflow/server/js/src/reducers/Reducers.js"", ""mlflow/server/js/src/sdk/MlflowLocalStorageMessages.js"", ""mlflow/server/js/src/sdk/MlflowMessages.js"", ""mlflow/server/js/src/setupTests.js"", ""mlflow/server/js/src/utils/Utils.js"", ""mlflow/server/js/src/utils/Utils.test.js""]",[],False
oracle_hybrid_rag,multi_hop-014,results\final_evaluation\oracle_hybrid_rag_results.csv,1.0,0,[],"[""src/eShop.ServiceDefaults/AuthenticationExtensions.cs"", ""src/eShop.ServiceDefaults/AuthorizeCheckOperationFilter.cs"", ""src/eShop.ServiceDefaults/Extensions.cs"", ""src/eShop.ServiceDefaults/HttpClientAuthorizationDelegatingHandler.cs"", ""src/eShop.ServiceDefaults/HttpClientExtensions.cs"", ""src/eShop.ServiceDefaults/JsonDefaults.cs"", ""src/eShop.ServiceDefaults/OpenApi.Extensions.cs""]",[],False
ablation/fixed_1hop,issue_pr_analysis-014,results\ablations\fixed_1hop\adaptive_hybrid_graphrag_results.csv,1.0,0,[],[],[],False
ablation/fixed_2hop,issue_pr_analysis-014,results\ablations\fixed_2hop\adaptive_hybrid_graphrag_results.csv,1.0,0,[],[],[],False
ablation/fixed_3hop,issue_pr_analysis-014,results\ablations\fixed_3hop\adaptive_hybrid_graphrag_results.csv,1.0,0,[],[],[],False
ablation/full_system,issue_pr_analysis-014,results\ablations\full_system\adaptive_hybrid_graphrag_results.csv,1.0,0,[],[],[],False
ablation/fusion_equal_weight,issue_pr_analysis-014,results\ablations\fusion_equal_weight\adaptive_hybrid_graphrag_results.csv,1.0,0,[],[],[],False
ablation/fusion_graph_heavy,issue_pr_analysis-014,results\ablations\fusion_graph_heavy\adaptive_hybrid_graphrag_results.csv,1.0,0,[],[],[],False
ablation/fusion_vector_heavy,issue_pr_analysis-014,results\ablations\fusion_vector_heavy\adaptive_hybrid_graphrag_results.csv,1.0,0,[],[],[],False
ablation/no_fallback,issue_pr_analysis-014,results\ablations\no_fallback\adaptive_hybrid_graphrag_results.csv,1.0,0,[],[],[],False
ablation/no_routing,issue_pr_analysis-014,results\ablations\no_routing\adaptive_hybrid_graphrag_results.csv,1.0,0,[],[],[],False
ablation/no_templates,developer_activity-029,results\ablations\no_templates\adaptive_hybrid_graphrag_results.csv,1.0,0,[],"[""411581466""]","[""unexpected_commit:411581466""]",False
ablation/no_templates,issue_pr_analysis-015,results\ablations\no_templates\adaptive_hybrid_graphrag_results.csv,1.0,0,[],[],[],False
ablation/no_templates,issue_pr_analysis-021,results\ablations\no_templates\adaptive_hybrid_graphrag_results.csv,0.0,1,[],[],[],False
ablation/no_templates,issue_pr_analysis-014,results\ablations\no_templates\adaptive_hybrid_graphrag_results.csv,1.0,0,[],[],[],False
ablation/no_validation,issue_pr_analysis-014,results\ablations\no_validation\adaptive_hybrid_graphrag_results.csv,1.0,0,[],[],[],False
ablation/no_vector,issue_pr_analysis-014,results\ablations\no_vector\adaptive_hybrid_graphrag_results.csv,1.0,0,[],[],[],False
